Ngày,Lần cuối,Mở,Cao,Thấp,KL,% Thay đổi
6/8/2024,30600.0,29600.0,31000.0,29400.0 ,17.11M,3.38%
5/8/2024,29600.0,30650.0,31150.0,29500.0 ,22.03M,-5.28%
2/8/2024,31250.0,29850.0,31350.0,29750.0 ,15.35M,3.14%
1/8/2024,30300.0,32100.0,32100.0,30000.0 ,23.88M,-4.72%
31/07/2024,31800.0,32200.0,32300.0,31700.0 ,7.85M,-0.47%
30/07/2024,31950.0,32200.0,32400.0,31900.0 ,5.99M,-0.78%
29/07/2024,32200.0,32350.0,32550.0,32200.0 ,5.70M,0.31%
26/07/2024,32100.0,32100.0,32300.0,31900.0 ,7.00M,0.63%
25/07/2024,31900.0,32300.0,32650.0,31800.0 ,16.46M,-3.04%
24/07/2024,32900.0,33650.0,33900.0,31950.0 ,21.94M,-2.81%
23/07/2024,33850.0,34650.0,34750.0,33850.0 ,12.72M,-2.31%
22/07/2024,34650.0,34750.0,35050.0,34150.0 ,10.11M,-0.43%
19/07/2024,34800.0,34700.0,35200.0,34500.0 ,17.26M,1.31%
18/07/2024,34350.0,34350.0,34400.0,33800.0 ,9.45M,0.59%
17/07/2024,34150.0,34600.0,34950.0,33950.0 ,14.34M,-0.73%
16/07/2024,34400.0,34500.0,35000.0,34350.0 ,7.48M,0.29%
15/07/2024,34300.0,34700.0,34700.0,34300.0 ,3.95M,-0.44%
12/7/2024,34450.0,34800.0,34900.0,34450.0 ,5.11M,-1.01%
11/7/2024,34800.0,34600.0,35150.0,34450.0 ,11.00M,1.31%
10/7/2024,34350.0,34700.0,34750.0,34350.0 ,5.76M,-0.87%
9/7/2024,34650.0,34600.0,34900.0,34300.0 ,10.08M,0.29%
8/7/2024,34550.0,34800.0,35050.0,34400.0 ,7.63M,-0.29%
5/7/2024,34650.0,34400.0,34650.0,34150.0 ,7.44M,0.73%
4/7/2024,34400.0,34450.0,34800.0,34300.0 ,5.77M,-0.15%
3/7/2024,34450.0,34350.0,34600.0,34350.0 ,5.95M,0.29%
2/7/2024,34350.0,34050.0,34350.0,33900.0 ,7.21M,1.33%
1/7/2024,33900.0,34050.0,34100.0,33450.0 ,7.93M,-0.15%
28/06/2024,33950.0,34300.0,34450.0,33750.0 ,11.36M,-1.02%
27/06/2024,34300.0,34300.0,34550.0,34100.0 ,5.31M,-0.29%
26/06/2024,34400.0,34550.0,34650.0,33600.0 ,11.52M,-0.43%
25/06/2024,34550.0,34600.0,34850.0,34400.0 ,6.52M,-0.14%
24/06/2024,34600.0,35450.0,35500.0,34200.0 ,27.19M,-2.54%
21/06/2024,35500.0,35800.0,36000.0,35500.0 ,9.06M,-1.11%
20/06/2024,35900.0,36200.0,36300.0,35400.0 ,14.27M,-0.83%
19/06/2024,36200.0,36200.0,36300.0,35800.0 ,9.77M,0.28%
18/06/2024,36100.0,36100.0,36300.0,35850.0 ,9.69M,0.56%
17/06/2024,35900.0,36000.0,36250.0,35750.0 ,12.55M,-0.55%
14/06/2024,36100.0,36700.0,37200.0,36100.0 ,26.74M,-1.10%
13/06/2024,36500.0,36800.0,36900.0,36350.0 ,13.01M,-0.27%
12/6/2024,36600.0,35850.0,36600.0,35800.0 ,27.35M,2.23%
11/6/2024,35800.0,35500.0,35800.0,35250.0 ,14.78M,1.27%
10/6/2024,35350.0,35500.0,35800.0,35350.0 ,13.31M,-0.28%
7/6/2024,35450.0,35650.0,35650.0,35300.0 ,6.45M,0.14%
6/6/2024,35400.0,35600.0,35650.0,35200.0 ,8.63M,0.00%
5/6/2024,35400.0,35450.0,35800.0,35400.0 ,14.11M,0.00%
4/6/2024,35400.0,35400.0,35900.0,35350.0 ,11.44M,0.00%
3/6/2024,35400.0,35000.0,35600.0,35000.0 ,12.49M,2.02%
31/05/2024,34700.0,34850.0,35000.0,34600.0 ,8.44M,-0.43%
30/05/2024,34850.0,35000.0,35050.0,34300.0 ,18.86M,-0.99%
29/05/2024,35200.0,35750.0,35900.0,35100.0 ,13.09M,-1.12%
28/05/2024,35600.0,35300.0,35600.0,35150.0 ,13.04M,1.42%
27/05/2024,35100.0,35250.0,35500.0,34800.0 ,16.84M,-0.43%
24/05/2024,35250.0,36300.0,36450.0,34800.0 ,28.29M,-3.95%
23/05/2024,36700.0,36400.0,36700.0,35850.0 ,16.68M,0.69%
22/05/2024,36450.0,36800.0,37350.0,36400.0 ,22.69M,-0.95%
21/05/2024,36800.0,36550.0,36800.0,36300.0 ,14.04M,0.41%
20/05/2024,36650.0,36600.0,37100.0,36500.0 ,19.95M,0.69%
17/05/2024,36400.0,36100.0,36600.0,35950.0 ,14.82M,0.83%
16/05/2024,36100.0,36350.0,36400.0,36050.0 ,13.62M,0.42%
15/05/2024,35950.0,35700.0,36300.0,35500.0 ,20.29M,1.27%
14/05/2024,35500.0,35650.0,35900.0,35350.0 ,7.03M,-0.28%
13/05/2024,35600.0,35650.0,35900.0,35250.0 ,10.27M,0.42%
10/5/2024,35450.0,35300.0,35500.0,35000.0 ,12.12M,0.71%
9/5/2024,35200.0,35850.0,35900.0,35050.0 ,15.34M,-1.26%
8/5/2024,35650.0,35200.0,35900.0,35100.0 ,13.71M,0.28%
7/5/2024,35550.0,35800.0,36000.0,35400.0 ,8.27M,-0.28%
6/5/2024,35650.0,35000.0,36050.0,34950.0 ,16.79M,2.89%
3/5/2024,34650.0,35100.0,35300.0,34600.0 ,9.16M,-0.14%
2/5/2024,34700.0,35200.0,35300.0,34300.0 ,12.22M,-1.42%
26/04/2024,35200.0,34850.0,35350.0,34700.0 ,13.82M,-0.42%
25/04/2024,35350.0,35650.0,35650.0,35100.0 ,10.58M,-0.84%
24/04/2024,35650.0,35000.0,35950.0,34900.0 ,21.33M,3.33%
23/04/2024,34500.0,35100.0,35300.0,34300.0 ,16.74M,-1.71%
22/04/2024,35100.0,34200.0,35500.0,33950.0 ,19.50M,5.72%
19/04/2024,33200.0,33950.0,34800.0,33050.0 ,29.56M,-3.49%
17/04/2024,34400.0,35450.0,35500.0,34400.0 ,13.93M,-2.27%
16/04/2024,35200.0,35100.0,35300.0,34100.0 ,32.80M,0.72%
15/04/2024,34950.0,37300.0,37650.0,34950.0 ,29.94M,-6.92%
12/4/2024,37550.0,37350.0,37800.0,37050.0 ,19.50M,1.08%
11/4/2024,37150.0,36550.0,37400.0,36550.0 ,11.89M,0.54%
10/4/2024,36950.0,37600.0,37600.0,36950.0 ,8.53M,-1.47%
9/4/2024,37500.0,36900.0,37500.0,36700.0 ,13.24M,2.18%
8/4/2024,36700.0,36800.0,37000.0,36650.0 ,12.12M,-0.27%
5/4/2024,36800.0,37150.0,37300.0,36800.0 ,31.24M,-2.26%
4/4/2024,37650.0,38050.0,38200.0,37650.0 ,24.88M,-1.05%
3/4/2024,38050.0,38800.0,39200.0,38000.0 ,25.75M,-2.19%
2/4/2024,38900.0,38300.0,39000.0,38000.0 ,21.15M,0.26%
1/4/2024,38800.0,38500.0,39200.0,37850.0 ,31.09M,0.78%
29/03/2024,38500.0,39050.0,39100.0,38500.0 ,17.53M,-1.66%
28/03/2024,39150.0,39000.0,39250.0,38800.0 ,26.42M,1.69%
27/03/2024,38500.0,38300.0,38500.0,37900.0 ,18.78M,1.32%
26/03/2024,38000.0,37400.0,38200.0,37150.0 ,19.52M,1.33%
25/03/2024,37500.0,37850.0,38300.0,37300.0 ,24.34M,-0.79%
22/03/2024,37800.0,37800.0,38450.0,37600.0 ,29.82M,0.40%
21/03/2024,37650.0,37950.0,38000.0,37500.0 ,27.18M,1.21%
20/03/2024,37200.0,36400.0,37200.0,36250.0 ,16.36M,2.90%
19/03/2024,36150.0,36700.0,37000.0,36150.0 ,14.63M,-1.36%
18/03/2024,36650.0,37850.0,38000.0,35600.0 ,48.61M,-3.04%
15/03/2024,37800.0,37800.0,37900.0,37100.0 ,27.98M,-0.13%
14/03/2024,37850.0,38050.0,39000.0,37800.0 ,39.36M,-0.26%
13/03/2024,37950.0,36400.0,38100.0,36300.0 ,35.79M,4.55%
12/3/2024,36300.0,36350.0,36600.0,36050.0 ,21.93M,-0.14%
11/3/2024,36350.0,36800.0,37150.0,36200.0 ,24.85M,-1.22%
8/3/2024,36800.0,37900.0,38100.0,36800.0 ,35.88M,-2.39%
7/3/2024,37700.0,37000.0,37950.0,36850.0 ,34.06M,1.62%
6/3/2024,37100.0,37400.0,37800.0,36700.0 ,27.68M,-0.80%
5/3/2024,37400.0,37150.0,37450.0,36650.0 ,31.39M,0.67%
4/3/2024,37150.0,37800.0,37850.0,37000.0 ,25.35M,-0.54%
1/3/2024,37350.0,37400.0,37700.0,37000.0 ,21.49M,0.95%
29/02/2024,37000.0,36400.0,37700.0,36300.0 ,43.19M,2.49%
28/02/2024,36100.0,36100.0,36250.0,35650.0 ,26.07M,0.56%
27/02/2024,35900.0,35250.0,36450.0,35100.0 ,47.04M,2.28%
26/02/2024,35100.0,34100.0,35350.0,34050.0 ,26.88M,2.78%
23/02/2024,34150.0,34600.0,34900.0,34050.0 ,24.14M,-1.44%
22/02/2024,34650.0,34850.0,34950.0,34550.0 ,14.41M,-0.86%
21/02/2024,34950.0,35300.0,35300.0,34700.0 ,18.55M,-0.99%
20/02/2024,35300.0,35650.0,35800.0,35250.0 ,18.10M,0.28%
19/02/2024,35200.0,35000.0,35200.0,34400.0 ,32.83M,0.57%
16/02/2024,35000.0,35350.0,35400.0,34900.0 ,18.04M,-0.28%
15/02/2024,35100.0,35200.0,35500.0,35000.0 ,14.89M,0.00%
7/2/2024,35100.0,35000.0,35350.0,34900.0 ,15.71M,0.29%
6/2/2024,35000.0,35150.0,35450.0,34900.0 ,13.20M,0.14%
5/2/2024,34950.0,34800.0,35150.0,34500.0 ,19.53M,0.43%
2/2/2024,34800.0,34900.0,35450.0,34800.0 ,23.51M,0.43%
1/2/2024,34650.0,34450.0,34850.0,34400.0 ,11.15M,0.73%
31/01/2024,34400.0,34300.0,35150.0,34200.0 ,44.82M,0.73%
30/01/2024,34150.0,33850.0,34150.0,33800.0 ,11.91M,0.59%
29/01/2024,33950.0,34200.0,34400.0,33850.0 ,12.26M,-0.44%
26/01/2024,34100.0,34150.0,34350.0,33950.0 ,14.29M,0.44%
25/01/2024,33950.0,34050.0,34200.0,33850.0 ,10.94M,-0.15%
24/01/2024,34000.0,33750.0,34400.0,33700.0 ,27.35M,0.59%
23/01/2024,33800.0,34000.0,34100.0,33650.0 ,12.56M,-0.44%
22/01/2024,33950.0,33900.0,34000.0,33400.0 ,16.81M,0.74%
19/01/2024,33700.0,34000.0,34100.0,33400.0 ,22.39M,-0.30%
18/01/2024,33800.0,33800.0,34050.0,33650.0 ,14.74M,0.45%
17/01/2024,33650.0,33500.0,34500.0,33450.0 ,26.22M,0.45%
16/01/2024,33500.0,33000.0,33500.0,32750.0 ,19.32M,1.52%
15/01/2024,33000.0,34000.0,34100.0,33000.0 ,22.25M,-2.51%
12/1/2024,33850.0,33600.0,34000.0,33350.0 ,25.26M,-0.15%
11/1/2024,33900.0,33750.0,34400.0,33600.0 ,25.47M,0.59%
10/1/2024,33700.0,33950.0,34050.0,33350.0 ,23.83M,-0.88%
9/1/2024,34000.0,34200.0,34350.0,33900.0 ,18.99M,-0.29%
8/1/2024,34100.0,34450.0,34500.0,34000.0 ,20.73M,-0.15%
5/1/2024,34150.0,33800.0,34150.0,33600.0 ,25.14M,1.64%
4/1/2024,33600.0,33000.0,34200.0,33000.0 ,58.71M,1.97%
3/1/2024,32950.0,32350.0,32950.0,32300.0 ,11.41M,1.38%
2/1/2024,32500.0,33000.0,33200.0,32500.0 ,18.05M,-0.91%
29/12/2023,32800.0,32950.0,33100.0,32750.0 ,12.79M,-0.61%
28/12/2023,33000.0,32850.0,33150.0,32650.0 ,10.90M,0.61%
27/12/2023,32800.0,32950.0,33150.0,32800.0 ,16.10M,0.15%
26/12/2023,32750.0,32600.0,32900.0,32500.0 ,14.01M,0.61%
25/12/2023,32550.0,32350.0,32750.0,32100.0 ,13.95M,0.62%
22/12/2023,32350.0,32350.0,32950.0,32200.0 ,17.46M,0.47%
21/12/2023,32200.0,32050.0,32300.0,32000.0 ,8.08M,-0.31%
20/12/2023,32300.0,32150.0,32600.0,31950.0 ,13.51M,0.47%
19/12/2023,32150.0,31750.0,32150.0,31350.0 ,15.69M,1.42%
18/12/2023,31700.0,31850.0,32150.0,31650.0 ,11.32M,-0.31%
15/12/2023,31800.0,32100.0,32500.0,31700.0 ,19.87M,-0.63%
14/12/2023,32000.0,32500.0,32500.0,31900.0 ,15.66M,0.00%
13/12/2023,32000.0,32900.0,32950.0,32000.0 ,21.55M,-1.84%
12/12/2023,32600.0,32800.0,33000.0,32500.0 ,12.45M,-0.31%
11/12/2023,32700.0,32600.0,33050.0,32100.0 ,20.00M,0.31%
8/12/2023,32600.0,32700.0,33000.0,32300.0 ,18.08M,-0.76%
7/12/2023,32850.0,33600.0,33700.0,32050.0 ,44.21M,-2.23%
6/12/2023,33600.0,33350.0,33850.0,33250.0 ,17.90M,0.90%
5/12/2023,33300.0,33650.0,33700.0,33150.0 ,23.48M,-0.89%
4/12/2023,33600.0,32900.0,34000.0,32550.0 ,45.28M,5.00%
1/12/2023,32000.0,31700.0,32250.0,31250.0 ,20.04M,2.24%
30/11/2023,31300.0,31600.0,32150.0,31300.0 ,16.68M,-0.95%
29/11/2023,31600.0,31500.0,31950.0,31300.0 ,12.22M,0.64%
28/11/2023,31400.0,31000.0,31500.0,30200.0 ,21.40M,1.29%
27/11/2023,31000.0,31950.0,32000.0,31000.0 ,15.10M,-3.13%
24/11/2023,32000.0,31250.0,32000.0,30700.0 ,24.68M,3.56%
23/11/2023,30900.0,33200.0,33200.0,30900.0 ,27.08M,-6.08%
22/11/2023,32900.0,32500.0,32950.0,32300.0 ,22.92M,1.08%
21/11/2023,32550.0,32800.0,32800.0,32300.0 ,17.29M,0.46%
20/11/2023,32400.0,30700.0,32700.0,30650.0 ,26.50M,2.86%
17/11/2023,31500.0,32350.0,32600.0,31100.0 ,29.29M,-2.48%
16/11/2023,32300.0,31900.0,32300.0,31350.0 ,19.05M,1.10%
15/11/2023,31950.0,32800.0,32800.0,31900.0 ,26.91M,0.63%
14/11/2023,31750.0,31950.0,32200.0,31350.0 ,23.24M,0.95%
13/11/2023,31450.0,31000.0,31600.0,30800.0 ,20.86M,2.11%
10/11/2023,30800.0,30600.0,31900.0,30550.0 ,32.34M,-0.16%
9/11/2023,30850.0,30650.0,31600.0,30550.0 ,33.98M,1.82%
8/11/2023,30300.0,28350.0,30300.0,28300.0 ,31.63M,6.88%
7/11/2023,28350.0,28900.0,29300.0,28300.0 ,18.33M,-2.24%
6/11/2023,29000.0,29150.0,29300.0,28800.0 ,17.86M,0.35%
3/11/2023,28900.0,29000.0,29050.0,28300.0 ,25.38M,0.00%
2/11/2023,28900.0,27600.0,29000.0,27500.0 ,27.48M,6.45%
1/11/2023,27150.0,25750.0,27150.0,25750.0 ,30.98M,5.44%
31/10/2023,25750.0,27550.0,27900.0,25650.0 ,36.44M,-6.36%
30/10/2023,27500.0,29000.0,29350.0,27500.0 ,16.79M,-6.62%
27/10/2023,29450.0,29250.0,29800.0,28750.0 ,20.05M,2.61%
26/10/2023,28700.0,29700.0,29950.0,28650.0 ,54.16M,-6.82%
25/10/2023,30800.0,31000.0,31550.0,30800.0 ,14.38M,-0.81%
24/10/2023,31050.0,31000.0,31150.0,30450.0 ,14.25M,1.47%
23/10/2023,30600.0,30600.0,31350.0,30400.0 ,15.34M,-2.24%
20/10/2023,31300.0,30100.0,31400.0,29100.0 ,28.20M,3.99%
19/10/2023,30100.0,31550.0,31750.0,29800.0 ,28.87M,-4.60%
18/10/2023,31550.0,31800.0,32150.0,29800.0 ,28.50M,0.32%
17/10/2023,31450.0,32400.0,32900.0,31450.0 ,19.54M,-2.02%
16/10/2023,32100.0,33550.0,33600.0,31900.0 ,28.36M,-4.32%
13/10/2023,33550.0,33300.0,34100.0,33000.0 ,22.03M,-0.15%
12/10/2023,33600.0,34100.0,34100.0,33400.0 ,18.15M,-1.18%
11/10/2023,34000.0,32800.0,34000.0,32550.0 ,23.56M,3.98%
10/10/2023,32700.0,33600.0,33900.0,32700.0 ,27.78M,-1.51%
9/10/2023,33200.0,32900.0,33500.0,32400.0 ,21.95M,0.76%
6/10/2023,32950.0,31650.0,32950.0,31200.0 ,26.50M,4.11%
5/10/2023,31650.0,31900.0,32400.0,31500.0 ,22.26M,-0.31%
4/10/2023,31750.0,29800.0,32300.0,29650.0 ,33.56M,5.13%
3/10/2023,30200.0,31600.0,31650.0,30100.0 ,42.25M,-5.92%
2/10/2023,32100.0,31800.0,32650.0,31700.0 ,17.21M,0.94%
29/09/2023,31800.0,32900.0,32900.0,31800.0 ,19.99M,-1.55%
28/09/2023,32300.0,32800.0,32900.0,31700.0 ,27.91M,-2.12%
27/09/2023,33000.0,31700.0,33000.0,30900.0 ,32.05M,6.80%
26/09/2023,30900.0,31000.0,32450.0,30300.0 ,38.70M,1.81%
25/09/2023,30350.0,32200.0,33100.0,30350.0 ,42.95M,-6.90%
22/09/2023,32600.0,33650.0,33950.0,32350.0 ,69.56M,-6.19%
21/09/2023,34750.0,36400.0,36450.0,34750.0 ,49.19M,-4.66%
20/09/2023,36450.0,36400.0,37000.0,36100.0 ,22.95M,0.69%
19/09/2023,36200.0,35800.0,36200.0,35200.0 ,19.56M,1.40%
18/09/2023,35700.0,35000.0,35950.0,34900.0 ,25.49M,0.56%
15/09/2023,35500.0,35900.0,36050.0,35000.0 ,23.63M,-0.42%
14/09/2023,35650.0,35800.0,36250.0,34900.0 ,33.91M,-0.42%
13/09/2023,35800.0,36200.0,36600.0,35500.0 ,35.64M,0.00%
12/9/2023,35800.0,33650.0,35800.0,33500.0 ,37.13M,6.87%
11/9/2023,33500.0,34000.0,34350.0,33400.0 ,34.43M,-0.74%
8/9/2023,33750.0,33500.0,34100.0,33400.0 ,16.66M,0.30%
7/9/2023,33650.0,34100.0,34150.0,33300.0 ,21.47M,-1.03%
6/9/2023,34000.0,33350.0,34500.0,32950.0 ,19.66M,1.95%
5/9/2023,33350.0,33600.0,33700.0,32800.0 ,27.14M,-0.15%
31/08/2023,33400.0,33500.0,33750.0,33300.0 ,17.64M,-0.30%
30/08/2023,33500.0,32400.0,33900.0,32100.0 ,24.98M,3.55%
29/08/2023,32350.0,32500.0,32800.0,31700.0 ,35.20M,-0.31%
28/08/2023,32450.0,32300.0,32700.0,32100.0 ,26.97M,0.78%
25/08/2023,32200.0,31700.0,32500.0,31650.0 ,32.43M,0.63%
24/08/2023,32000.0,30300.0,32100.0,30150.0 ,38.30M,5.26%
23/08/2023,30400.0,31000.0,31150.0,30150.0 ,32.90M,-0.98%
22/08/2023,30700.0,29000.0,30700.0,27850.0 ,51.81M,6.41%
21/08/2023,28850.0,29000.0,29150.0,28500.0 ,35.54M,1.94%
18/08/2023,28300.0,29700.0,30400.0,28000.0 ,46.44M,-5.51%
17/08/2023,29950.0,29050.0,30600.0,29050.0 ,59.16M,3.81%
16/08/2023,28850.0,28650.0,29150.0,28450.0 ,14.34M,0.52%
15/08/2023,28700.0,29200.0,29200.0,28650.0 ,13.18M,-1.54%
14/08/2023,29150.0,28450.0,29400.0,28100.0 ,30.33M,3.55%
11/8/2023,28150.0,28250.0,28300.0,27650.0 ,27.54M,0.18%
10/8/2023,28100.0,28600.0,28850.0,28100.0 ,23.38M,-1.75%
9/8/2023,28600.0,28900.0,29200.0,28550.0 ,16.62M,-1.72%
8/8/2023,29100.0,29850.0,29850.0,29000.0 ,11.63M,-2.02%
7/8/2023,29700.0,29600.0,29950.0,29400.0 ,15.09M,1.71%
4/8/2023,29200.0,28500.0,29400.0,28500.0 ,14.99M,2.46%
3/8/2023,28500.0,28950.0,29050.0,28300.0 ,15.21M,-1.72%
2/8/2023,29000.0,28700.0,29150.0,28600.0 ,11.46M,0.69%
1/8/2023,28800.0,29700.0,29700.0,28800.0 ,16.38M,-2.87%
31/07/2023,29650.0,29950.0,30200.0,29350.0 ,15.22M,-0.34%
28/07/2023,29750.0,29450.0,29900.0,29350.0 ,13.13M,1.02%
27/07/2023,29450.0,29000.0,29700.0,28900.0 ,16.47M,1.55%
26/07/2023,29000.0,28800.0,29050.0,28400.0 ,12.78M,0.69%
25/07/2023,28800.0,28700.0,29100.0,28500.0 ,14.45M,0.35%
24/07/2023,28700.0,29100.0,29200.0,28400.0 ,14.54M,-0.17%
21/07/2023,28750.0,28000.0,28800.0,27850.0 ,16.46M,2.68%
20/07/2023,28000.0,28500.0,28500.0,27600.0 ,28.83M,-1.75%
19/07/2023,28500.0,28600.0,28900.0,28450.0 ,10.05M,-0.18%
18/07/2023,28550.0,28800.0,28800.0,28450.0 ,12.42M,-0.87%
17/07/2023,28800.0,28550.0,29200.0,28550.0 ,14.47M,1.05%
14/07/2023,28500.0,28500.0,28600.0,27950.0 ,16.10M,0.35%
13/07/2023,28400.0,28250.0,28500.0,28000.0 ,16.16M,1.61%
12/7/2023,27950.0,28300.0,28600.0,27650.0 ,23.04M,-0.36%
11/7/2023,28050.0,27400.0,28450.0,27400.0 ,27.10M,2.00%
10/7/2023,27500.0,26650.0,27500.0,26650.0 ,30.63M,3.97%
7/7/2023,26450.0,26100.0,26450.0,25650.0 ,14.80M,0.57%
6/7/2023,26300.0,26200.0,26700.0,25800.0 ,26.81M,0.38%
5/7/2023,26200.0,26700.0,26700.0,26200.0 ,15.87M,-1.13%
4/7/2023,26500.0,25700.0,26500.0,25550.0 ,24.38M,3.11%
3/7/2023,25700.0,26050.0,26100.0,25650.0 ,13.14M,-0.39%
30/06/2023,25800.0,25500.0,25900.0,25400.0 ,14.52M,1.38%
29/06/2023,25450.0,26650.0,26650.0,25450.0 ,19.94M,-4.14%
28/06/2023,26550.0,26600.0,26950.0,26400.0 ,16.42M,-0.19%
27/06/2023,26600.0,25850.0,26750.0,25800.0 ,20.38M,3.10%
26/06/2023,25800.0,26000.0,26050.0,25250.0 ,17.38M,-0.77%
23/06/2023,26000.0,26100.0,26200.0,25750.0 ,12.48M,-0.38%
22/06/2023,26100.0,26100.0,26500.0,25800.0 ,15.25M,0.38%
21/06/2023,26000.0,25700.0,26200.0,25600.0 ,19.26M,1.17%
20/06/2023,25700.0,25800.0,25950.0,24950.0 ,19.25M,1.18%
19/06/2023,25400.0,25303.8,25688.6,25111.4 ,15.01M,1.15%
16/06/2023,25111.4,25063.3,26169.7,25063.3 ,34.45M,1.56%
15/06/2023,24726.5,24534.1,24822.7,24486.0 ,14.24M,1.18%
14/06/2023,24437.9,24534.1,25207.6,24389.8 ,25.25M,0.20%
13/06/2023,24389.8,24534.1,24726.5,24149.2 ,18.42M,0.00%
12/6/2023,24389.8,24293.6,24437.9,23764.4 ,17.31M,0.40%
9/6/2023,24293.6,23572.0,24293.6,23331.4 ,22.96M,3.91%
8/6/2023,23379.5,24341.7,24437.9,23379.5 ,34.76M,-3.19%
7/6/2023,24149.2,24197.3,24437.9,23956.8 ,18.17M,-0.20%
6/6/2023,24197.3,23187.1,24341.7,22994.7 ,34.32M,4.36%
5/6/2023,23187.1,23523.9,23668.2,22994.7 ,18.89M,0.00%
2/6/2023,23187.1,22898.5,23427.6,22802.3 ,27.30M,2.77%
1/6/2023,22561.7,22321.2,22706.1,22176.9 ,16.36M,1.30%
31/05/2023,22273.1,22369.3,22609.8,22128.8 ,18.63M,-0.86%
30/05/2023,22465.5,22609.8,22706.1,22225.0 ,14.84M,-0.21%
29/05/2023,22513.6,21984.5,22561.7,21888.3 ,17.60M,3.77%
26/05/2023,21695.8,21695.8,21840.1,21647.7 ,8.27M,0.22%
25/05/2023,21647.7,21743.9,21840.1,21599.6 ,15.72M,-0.88%
24/05/2023,21840.1,22273.1,22321.2,21840.1 ,24.78M,-0.66%
23/05/2023,21984.5,22128.8,22417.4,21936.4 ,20.31M,-0.22%
22/05/2023,22032.6,22225.0,22321.2,21984.5 ,14.78M,0.00%
19/05/2023,22032.6,21936.4,22417.4,21792.0 ,15.67M,0.44%
18/05/2023,21936.4,21743.9,22273.1,21599.6 ,27.10M,1.56%
17/05/2023,21599.6,22032.6,22128.8,21551.5 ,22.65M,-1.97%
16/05/2023,22032.6,22032.6,22273.1,21984.5 ,19.67M,0.00%
15/05/2023,22032.6,22609.8,22706.1,22032.6 ,20.85M,-1.51%
12/5/2023,22369.3,21503.4,22369.3,21455.3 ,27.51M,3.79%
11/5/2023,21551.5,21647.7,22032.6,21551.5 ,19.76M,-0.44%
10/5/2023,21647.7,21407.2,21840.1,21407.2 ,19.04M,1.12%
9/5/2023,21407.2,21551.5,21599.6,21214.8 ,13.21M,-0.22%
8/5/2023,21455.3,20829.9,21455.3,20781.8 ,28.57M,3.96%
5/5/2023,20637.5,20926.1,20974.2,20637.5 ,8.50M,-1.38%
4/5/2023,20926.1,20541.3,21070.4,20493.2 ,16.52M,0.93%
28/04/2023,20733.7,20493.2,20733.7,20445.1 ,16.66M,1.89%
27/04/2023,20348.9,20589.4,20637.5,20300.8 ,9.14M,-0.94%
26/04/2023,20541.3,20300.8,20541.3,19915.9 ,17.55M,1.18%
25/04/2023,20300.8,20829.9,20878.0,20156.4 ,18.71M,-1.86%
24/04/2023,20685.6,20878.0,21070.4,20637.5 ,9.65M,-0.69%
21/04/2023,20829.9,20589.4,21359.1,20541.3 ,30.66M,2.61%
20/04/2023,20300.8,20397.0,20589.4,20252.6 ,9.55M,-0.94%
19/04/2023,20493.2,20974.2,21022.3,20445.1 ,13.63M,-2.07%
18/04/2023,20926.1,20637.5,20926.1,20348.9 ,19.09M,1.87%
17/04/2023,20541.3,20397.0,20685.6,20348.9 ,12.90M,0.71%
14/04/2023,20397.0,21070.4,21214.8,20397.0 ,26.94M,-2.53%
13/04/2023,20926.1,21262.9,21407.2,20829.9 ,17.75M,-1.14%
12/4/2023,21166.7,21743.9,21840.1,21118.6 ,17.02M,-2.65%
11/4/2023,21743.9,21551.5,21743.9,20974.2 ,25.25M,0.89%
10/4/2023,21551.5,21888.3,22321.2,21407.2 ,26.26M,-0.44%
7/4/2023,21647.7,21070.4,21647.7,20926.1 ,25.29M,2.97%
6/4/2023,21022.3,21792.0,22128.8,21022.3 ,25.23M,-2.89%
5/4/2023,21647.7,21551.5,21743.9,21262.9 ,18.37M,0.00%
4/4/2023,21647.7,21262.9,21840.1,20974.2 ,31.00M,2.27%
3/4/2023,21166.7,21166.7,21311.0,21070.4 ,31.84M,2.33%
31/03/2023,20685.6,20252.6,20878.0,20060.2 ,31.98M,2.63%
30/03/2023,20156.4,20685.6,20878.0,20156.4 ,23.21M,-0.47%
29/03/2023,20252.6,20012.1,20300.8,19964.0 ,15.84M,1.20%
28/03/2023,20012.1,20397.0,20493.2,19964.0 ,18.89M,-0.95%
27/03/2023,20204.5,19723.5,20589.4,19675.4 ,23.49M,2.69%
24/03/2023,19675.4,19675.4,19867.8,19627.3 ,18.61M,0.49%
23/03/2023,19579.2,18953.8,19627.3,18905.7 ,17.49M,2.52%
22/03/2023,19098.1,19386.7,19531.1,19098.1 ,12.30M,-0.75%
21/03/2023,19242.4,18953.8,19242.4,18617.0 ,17.55M,2.56%
20/03/2023,18761.4,19434.8,19483.0,18761.4 ,18.55M,-3.94%
17/03/2023,19531.1,19627.3,19723.5,19290.5 ,19.30M,0.74%
16/03/2023,19386.7,19434.8,19867.8,19386.7 ,19.59M,-0.98%
15/03/2023,19579.2,18905.7,19579.2,18761.4 ,28.46M,6.82%
14/03/2023,18328.4,18905.7,18953.8,18280.3 ,15.08M,-3.05%
13/03/2023,18905.7,18809.5,19194.3,18472.7 ,20.54M,-0.76%
10/3/2023,19050.0,18809.5,19098.1,18713.3 ,13.37M,0.00%
9/3/2023,19050.0,19050.0,19338.6,19001.9 ,17.71M,0.00%
8/3/2023,19050.0,18376.5,19050.0,18280.3 ,14.66M,2.06%
7/3/2023,18665.1,18280.3,18761.4,18087.9 ,16.20M,3.47%
6/3/2023,18039.8,18136.0,18472.7,18039.8 ,10.34M,1.63%
3/3/2023,17751.1,18136.0,18136.0,17751.1 ,7.38M,-1.07%
2/3/2023,17943.6,18280.3,18376.5,17943.6 ,5.34M,-1.58%
1/3/2023,18232.2,17606.8,18280.3,17462.5 ,11.38M,3.84%
28/02/2023,17558.7,17895.5,18039.8,17510.6 ,11.91M,0.00%
27/02/2023,17558.7,18087.9,18184.1,17558.7 ,14.83M,-3.95%
24/02/2023,18280.3,19001.9,19001.9,18280.3 ,7.73M,-3.55%
23/02/2023,18953.8,18568.9,18953.8,18087.9 ,17.95M,2.07%
22/02/2023,18568.9,19434.8,19627.3,18568.9 ,24.07M,-5.62%
21/02/2023,19675.4,20012.1,20156.4,19675.4 ,14.06M,-1.45%
20/02/2023,19964.0,18713.3,19964.0,18665.1 ,23.66M,6.68%
17/02/2023,18713.3,18713.3,18905.7,18472.7 ,8.06M,-0.26%
16/02/2023,18761.4,18568.9,18761.4,18424.6 ,9.83M,2.09%
15/02/2023,18376.5,18184.1,18617.0,18087.9 ,10.34M,1.06%
14/02/2023,18184.1,18039.8,18184.1,17799.2 ,6.18M,2.16%
13/02/2023,17799.2,18232.2,18280.3,17462.5 ,11.36M,-2.63%
10/2/2023,18280.3,18617.0,18857.6,18136.0 ,9.54M,-1.81%
9/2/2023,18617.0,18713.3,19001.9,18568.9 ,7.43M,-0.77%
8/2/2023,18761.4,18665.1,18953.8,17991.7 ,12.54M,2.36%
7/2/2023,18328.4,19338.6,19579.2,18328.4 ,17.39M,-4.75%
6/2/2023,19242.4,18857.6,19242.4,18665.1 ,11.55M,1.27%
3/2/2023,19001.9,19338.6,19531.1,18857.6 ,13.22M,-1.98%
2/2/2023,19386.7,19531.1,19627.3,19146.2 ,12.00M,0.00%
1/2/2023,19386.7,20878.0,21022.3,19338.6 ,26.56M,-6.71%
31/01/2023,20781.8,20348.9,20829.9,20060.2 ,17.92M,2.86%
30/01/2023,20204.5,20156.4,20878.0,19915.9 ,19.24M,0.24%
27/01/2023,20156.4,20685.6,20781.8,20060.2 ,19.46M,-1.18%
19/01/2023,20397.0,19675.4,20445.1,19627.3 ,26.45M,3.16%
18/01/2023,19771.6,19723.5,20204.5,19531.1 ,19.37M,0.74%
17/01/2023,19627.3,18857.6,19627.3,18761.4 ,21.99M,5.16%
16/01/2023,18665.1,18568.9,18761.4,18376.5 ,7.33M,1.04%
13/01/2023,18472.7,18761.4,19098.1,18376.5 ,14.33M,-0.52%
12/1/2023,18568.9,18617.0,18761.4,18376.5 ,6.54M,0.00%
11/1/2023,18568.9,18328.4,19001.9,18328.4 ,13.97M,2.12%
10/1/2023,18184.1,18280.3,18520.8,17751.1 ,11.62M,-0.53%
9/1/2023,18280.3,18376.5,18617.0,18136.0 ,9.71M,0.53%
6/1/2023,18184.1,18568.9,18857.6,18184.1 ,13.14M,-2.07%
5/1/2023,18568.9,18424.6,18617.0,17991.7 ,13.31M,1.58%
4/1/2023,18280.3,18472.7,18761.4,18232.2 ,10.68M,0.53%
3/1/2023,18184.1,17125.8,18184.1,17125.8 ,18.05M,6.78%
30/12/2022,17029.5,17077.6,17414.4,16933.3 ,6.42M,0.57%
29/12/2022,16933.3,17318.2,17558.7,16933.3 ,8.75M,-3.03%
28/12/2022,17462.5,17751.1,17751.1,17125.8 ,10.98M,-0.27%
27/12/2022,17510.6,16356.1,17510.6,16356.1 ,14.75M,6.74%
26/12/2022,16404.2,17510.6,17606.8,16404.2 ,18.63M,-6.83%
23/12/2022,17606.8,18280.3,18376.5,17558.7 ,11.36M,-4.19%
22/12/2022,18376.5,18761.4,18809.5,17895.5 ,13.11M,-1.04%
21/12/2022,18568.9,19434.8,19434.8,17751.1 ,26.45M,-2.53%
20/12/2022,19050.0,19723.5,19964.0,18617.0 ,26.81M,-3.41%
19/12/2022,19723.5,19723.5,21022.3,19579.2 ,41.73M,0.00%
16/12/2022,19723.5,19242.4,19819.7,19242.4 ,21.45M,1.23%
15/12/2022,19483.0,19338.6,19579.2,19194.3 ,15.55M,0.75%
14/12/2022,19338.6,20204.5,20204.5,19338.6 ,20.74M,-1.47%
13/12/2022,19627.3,18424.6,19627.3,18136.0 ,25.35M,6.53%
12/12/2022,18424.6,19627.3,19964.0,18376.5 ,26.51M,-5.43%
9/12/2022,19483.0,19915.9,20012.1,19146.2 ,18.58M,-1.46%
8/12/2022,19771.6,19001.9,19771.6,18809.5 ,34.62M,6.75%
7/12/2022,18520.8,18809.5,19194.3,18184.1 ,21.18M,-1.53%
6/12/2022,18809.5,19627.3,20156.4,18809.5 ,41.34M,-6.01%
5/12/2022,20012.1,19531.1,20012.1,19050.0 ,35.81M,6.94%
2/12/2022,18713.3,17414.4,18713.3,17414.4 ,29.33M,6.87%
1/12/2022,17510.6,18761.4,18905.7,17510.6 ,37.11M,-5.45%
30/11/2022,18520.8,17991.7,18665.1,17751.1 ,29.65M,1.58%
29/11/2022,18232.2,17799.2,18424.6,17318.2 ,32.28M,3.84%
28/11/2022,17558.7,16837.1,17558.7,16837.1 ,32.64M,6.72%
25/11/2022,16452.3,15778.8,16452.3,15538.3 ,22.57M,6.88%
24/11/2022,15393.9,14864.8,15393.9,14672.3 ,16.23M,1.27%
23/11/2022,15201.5,15586.4,15826.9,15201.5 ,13.13M,-3.36%
22/11/2022,15730.7,15297.7,16356.1,15297.7 ,29.66M,1.55%
21/11/2022,15490.1,15826.9,15875.0,15345.8 ,12.53M,-0.92%
18/11/2022,15634.5,15153.4,15971.2,14768.6 ,34.60M,2.85%
17/11/2022,15201.5,14576.1,15249.6,14528.0 ,23.38M,6.40%
16/11/2022,14287.5,12603.8,14287.5,12555.7 ,27.00M,6.83%
15/11/2022,13373.5,13469.7,13710.2,12796.2 ,24.24M,-2.46%
14/11/2022,13710.2,13277.3,13950.8,12700.0 ,20.56M,1.06%
11/11/2022,13565.9,13758.3,14047.0,13277.3 ,19.86M,1.44%
10/11/2022,13373.5,14143.2,14239.4,13373.5 ,18.41M,-6.71%
9/11/2022,14335.6,14576.1,15009.1,14335.6 ,8.62M,-0.67%
8/11/2022,14431.8,13277.3,14576.1,13277.3 ,16.38M,4.90%
7/11/2022,13758.3,14672.3,14912.9,13758.3 ,21.17M,-6.84%
4/11/2022,14768.6,15634.5,15682.6,14768.6 ,25.31M,-6.97%
3/11/2022,15875.0,15586.4,16163.6,15538.3 ,11.30M,0.00%
2/11/2022,15875.0,16308.0,16404.2,15875.0 ,15.91M,-2.66%
1/11/2022,16308.0,15971.2,16404.2,15682.6 ,22.33M,3.99%
31/10/2022,15682.6,15297.7,15778.8,14624.2 ,20.50M,2.52%
28/10/2022,15297.7,15586.4,15778.8,15249.6 ,16.26M,0.32%
27/10/2022,15249.6,14528.0,15249.6,14431.8 ,21.71M,6.73%
26/10/2022,14287.5,14720.5,15009.1,14143.2 ,9.01M,-1.33%
25/10/2022,14479.9,14528.0,15442.0,13758.3 ,23.00M,-0.33%
24/10/2022,14528.0,15682.6,15778.8,14528.0 ,23.35M,-6.79%
21/10/2022,15586.4,16740.9,16789.0,15586.4 ,28.08M,-6.90%
20/10/2022,16740.9,16837.1,17173.9,16596.6 ,11.21M,-1.42%
19/10/2022,16981.4,17222.0,17318.2,16837.1 ,12.35M,-0.84%
18/10/2022,17125.8,17703.0,17799.2,17029.5 ,18.80M,-1.11%
17/10/2022,17318.2,16933.3,17318.2,16596.6 ,13.72M,0.56%
14/10/2022,17222.0,17318.2,17703.0,17125.8 ,22.04M,2.29%
13/10/2022,16837.1,16596.6,17029.5,16356.1 ,12.49M,1.45%
12/10/2022,16596.6,15778.8,16644.7,15634.5 ,18.58M,6.48%
11/10/2022,15586.4,16404.2,16740.9,15586.4 ,16.40M,-6.90%
10/10/2022,16740.9,16115.5,17029.5,15923.1 ,17.62M,3.57%
7/10/2022,16163.6,16404.2,16452.3,15586.4 ,24.13M,-3.45%
6/10/2022,16740.9,17943.6,17943.6,16740.9 ,12.07M,-6.70%
5/10/2022,17943.6,17654.9,18087.9,17510.6 ,13.62M,4.78%
4/10/2022,17125.8,18184.1,18376.5,16933.3 ,15.61M,-3.52%
3/10/2022,17751.1,18857.6,18905.7,17751.1 ,15.84M,-6.82%
30/09/2022,19050.0,18424.6,19050.0,17606.8 ,20.63M,2.59%
29/09/2022,18568.9,19434.8,19434.8,18568.9 ,11.34M,-2.28%
28/09/2022,19001.9,18665.1,19290.5,18665.1 ,14.12M,1.02%
27/09/2022,18809.5,18953.8,19242.4,18761.4 ,10.95M,0.26%
26/09/2022,18761.4,19290.5,19531.1,18520.8 ,22.91M,-5.57%
23/09/2022,19867.8,20204.5,20493.2,19771.6 ,10.81M,-2.13%
22/09/2022,20300.8,19531.1,20397.0,19434.8 ,17.21M,2.68%
21/09/2022,19771.6,19723.5,20012.1,19579.2 ,8.38M,-0.72%
20/09/2022,19915.9,19434.8,19964.0,19146.2 ,14.15M,4.02%
19/09/2022,19146.2,20348.9,20348.9,19146.2 ,22.69M,-5.91%
16/09/2022,20348.9,20685.6,20878.0,20252.6 ,19.47M,-2.31%
15/09/2022,20829.9,21262.9,21262.9,20781.8 ,9.45M,-1.37%
14/09/2022,21118.6,20204.5,21311.0,20204.5 ,25.85M,1.39%
13/09/2022,20829.9,21022.3,21214.8,20397.0 ,18.97M,-0.92%
12/9/2022,21022.3,21647.7,21647.7,21022.3 ,12.00M,-1.58%
9/9/2022,21359.1,21166.7,21359.1,20493.2 ,33.44M,0.68%
8/9/2022,21214.8,22080.7,22128.8,21214.8 ,15.98M,-2.22%
7/9/2022,21695.8,22802.3,23042.8,21695.8 ,23.21M,-5.05%
6/9/2022,22850.4,22946.6,23235.2,22609.8 ,11.03M,0.21%
5/9/2022,22802.3,23187.1,23379.5,22802.3 ,10.16M,-1.25%
31/08/2022,23090.9,22802.3,23283.3,22802.3 ,10.85M,0.21%
30/08/2022,23042.8,23716.3,23860.6,22994.7 ,12.09M,-1.84%
29/08/2022,23475.8,23283.3,23475.8,22657.9 ,28.61M,-1.61%
26/08/2022,23860.6,24534.1,24678.4,23860.6 ,23.27M,-2.75%
25/08/2022,24534.1,24389.8,25015.1,24389.8 ,14.78M,0.99%
24/08/2022,24293.6,24678.4,24726.5,24197.3 ,13.47M,-0.59%
23/08/2022,24437.9,23379.5,24437.9,22898.5 ,32.42M,2.83%
22/08/2022,23764.4,24197.3,24389.8,23668.2 ,16.75M,-1.79%
19/08/2022,24197.3,24149.2,24486.0,23956.8 ,15.75M,0.20%
18/08/2022,24149.2,23379.5,24534.1,23379.5 ,28.63M,2.24%
17/08/2022,23620.1,23860.6,24197.3,23572.0 ,21.21M,-0.20%
16/08/2022,23668.2,23812.5,24053.0,23523.9 ,11.76M,-0.61%
15/08/2022,23812.5,24197.3,24341.7,23668.2 ,14.58M,-0.60%
12/8/2022,23956.8,23427.6,23956.8,23139.0 ,17.18M,2.05%
11/8/2022,23475.8,23908.7,24245.4,22898.5 ,28.05M,-0.61%
10/8/2022,23620.1,23620.1,24053.0,23523.9 ,14.58M,-1.01%
9/8/2022,23860.6,23764.4,24004.9,23427.6 ,14.95M,0.61%
8/8/2022,23716.3,24197.3,24389.8,23427.6 ,21.25M,-0.60%
5/8/2022,23860.6,22465.5,24149.2,22369.3 ,28.99M,5.31%
4/8/2022,22657.9,22898.5,22994.7,22128.8 ,20.94M,0.00%
3/8/2022,22657.9,22032.6,22802.3,21984.5 ,22.27M,1.51%
2/8/2022,22321.2,22128.8,22754.2,22032.6 ,35.53M,1.75%
1/8/2022,21936.4,20541.3,21936.4,20541.3 ,29.17M,6.79%
29/07/2022,20541.3,20493.2,20829.9,20252.6 ,20.79M,0.95%
28/07/2022,20348.9,20108.3,20541.3,19915.9 ,19.48M,3.68%
27/07/2022,19627.3,19242.4,19627.3,19050.0 ,17.80M,0.74%
26/07/2022,19483.0,19771.6,19915.9,19338.6 ,16.46M,-0.98%
25/07/2022,19675.4,19915.9,20252.6,19531.1 ,18.31M,-2.15%
22/07/2022,20108.3,20493.2,20685.6,20108.3 ,17.91M,-1.88%
21/07/2022,20493.2,20397.0,20781.8,20300.8 ,15.96M,0.00%
20/07/2022,20493.2,20204.5,20781.8,20108.3 ,22.29M,3.15%
19/07/2022,19867.8,19867.8,20108.3,19338.6 ,19.87M,-1.20%
18/07/2022,20108.3,20493.2,20589.4,19915.9 ,18.02M,-0.95%
15/07/2022,20300.8,20781.8,20926.1,20300.8 ,16.58M,-1.86%
14/07/2022,20685.6,19723.5,21118.6,19579.2 ,23.50M,3.86%
13/07/2022,19915.9,20108.3,20300.8,19531.1 ,17.84M,-0.96%
12/7/2022,20108.3,19771.6,20348.9,19627.3 ,11.93M,1.21%
11/7/2022,19867.8,19675.4,20348.9,19146.2 ,26.06M,1.23%
8/7/2022,19627.3,18568.9,19627.3,18568.9 ,30.29M,6.81%
7/7/2022,18376.5,18087.9,18472.7,17943.6 ,9.82M,0.53%
6/7/2022,18280.3,18472.7,19050.0,18184.1 ,15.16M,-3.55%
5/7/2022,18953.8,19386.7,19579.2,18953.8 ,14.22M,-2.47%
4/7/2022,19434.8,19290.5,19819.7,19194.3 ,19.71M,2.54%
1/7/2022,18953.8,17943.6,19050.0,17270.1 ,15.53M,4.79%
30/06/2022,18087.9,18953.8,19098.1,18087.9 ,13.24M,-4.81%
29/06/2022,19001.9,18568.9,19434.8,18472.7 ,14.24M,0.77%
28/06/2022,18857.6,19146.2,19194.3,18713.3 ,13.21M,-1.26%
27/06/2022,19098.1,18039.8,19098.1,17895.5 ,13.90M,6.72%
24/06/2022,17895.5,17703.0,18376.5,17654.9 ,11.93M,0.54%
23/06/2022,17799.2,17318.2,17799.2,17222.0 ,13.70M,4.52%
22/06/2022,17029.5,17029.5,17029.5,16837.1 ,11.89M,8.86%
21/06/2022,15644.2,15686.9,17012.0,15430.5 ,26.58M,-4.69%
20/06/2022,16413.6,17653.1,18208.8,16413.6 ,19.43M,-6.80%
17/06/2022,17610.4,17824.1,18379.8,17610.4 ,22.28M,-7.00%
16/06/2022,18935.5,20004.1,20004.1,18764.5 ,14.43M,-2.21%
15/06/2022,19362.9,20944.4,21158.1,19362.9 ,20.74M,-6.98%
14/06/2022,20816.2,21713.8,21970.3,20645.2 ,19.28M,-6.17%
13/06/2022,22184.0,22654.2,23081.6,22184.0 ,22.22M,-6.82%
10/6/2022,23808.2,24449.4,24791.3,23808.2 ,16.66M,-3.97%
9/6/2022,24791.3,25090.6,25304.3,24663.1 ,8.48M,-1.02%
8/6/2022,25047.8,24363.9,25432.5,24107.4 ,16.13M,3.90%
7/6/2022,24107.4,24534.9,24748.6,23295.3 ,19.76M,-2.76%
6/6/2022,24791.3,25261.5,25560.7,24620.4 ,14.01M,-0.86%
3/6/2022,25005.1,24620.4,25389.8,24620.4 ,18.36M,0.86%
2/6/2022,24791.3,25304.3,25817.2,24620.4 ,20.46M,-1.86%
1/6/2022,25261.5,25218.8,25560.7,24534.9 ,15.48M,-0.34%
31/05/2022,25347.0,25133.3,25689.0,24791.3 ,19.50M,-0.84%
30/05/2022,25560.7,25689.0,26244.6,25218.8 ,15.56M,0.00%
27/05/2022,25560.7,25047.8,26030.9,25005.1 ,22.44M,1.53%
26/05/2022,25176.0,24705.9,25817.2,24620.4 ,30.95M,2.26%
25/05/2022,24620.4,24022.0,25047.8,23936.5 ,18.45M,2.49%
24/05/2022,24022.0,22568.7,24022.0,21500.1 ,23.23M,6.04%
23/05/2022,22654.2,24363.9,24492.1,22654.2 ,32.80M,-6.85%
20/05/2022,24321.2,24620.4,25218.8,24278.4 ,17.61M,-0.18%
19/05/2022,24363.9,23594.5,24791.3,23594.5 ,20.31M,-0.52%
18/05/2022,24492.1,24962.3,25603.5,24449.4 ,26.34M,-1.72%
17/05/2022,24919.6,23081.6,24919.6,22996.1 ,20.93M,6.78%
16/05/2022,23338.1,23423.5,23594.5,23252.6 ,19.88M,5.81%
13/05/2022,22055.7,22226.7,22739.6,21414.6 ,26.66M,0.00%
12/5/2022,22055.7,23295.3,23551.8,22055.7 ,16.89M,-6.86%
11/5/2022,23680.0,23979.2,24022.0,23380.8 ,6.55M,-0.72%
10/5/2022,23851.0,22226.7,23979.2,22184.0 ,16.40M,3.91%
9/5/2022,22953.4,24321.2,24363.9,22953.4 ,20.65M,-6.93%
6/5/2022,24663.1,25646.2,26244.6,24663.1 ,16.11M,-6.94%
5/5/2022,26501.1,27783.4,27997.1,25902.7 ,10.78M,-3.13%
4/5/2022,27356.0,28681.0,28894.7,27356.0 ,7.92M,-4.62%
29/04/2022,28681.0,28638.3,29236.7,28339.1 ,9.91M,0.15%
28/04/2022,28638.3,29322.2,29621.4,28467.3 ,6.60M,-2.62%
27/04/2022,29407.7,29279.4,29578.6,28809.3 ,5.44M,-0.29%
26/04/2022,29493.2,27783.4,29493.2,26800.3 ,13.54M,2.83%
25/04/2022,28681.0,30775.5,30989.2,28681.0 ,11.86M,-6.93%
22/04/2022,30818.2,31202.9,31331.1,29920.6 ,7.53M,0.00%
21/04/2022,30818.2,29578.6,31459.4,29493.2 ,13.35M,2.41%
20/04/2022,30091.6,29877.8,30775.5,29664.1 ,10.80M,0.57%
19/04/2022,29920.6,32143.3,32827.2,29920.6 ,12.83M,-6.67%
18/04/2022,32057.8,33596.5,34195.0,31801.3 ,17.56M,-6.25%
15/04/2022,34195.0,35733.7,35990.2,34066.7 ,10.31M,-4.76%
14/04/2022,35904.7,36716.8,36716.8,35819.2 ,4.57M,-1.29%
13/04/2022,36374.9,35904.7,36545.9,34964.3 ,8.96M,1.79%
12/4/2022,35733.7,36845.1,37101.5,35562.8 ,7.48M,-2.79%
8/4/2022,36759.6,37614.5,37828.2,36759.6 ,7.78M,-2.38%
7/4/2022,37657.2,38127.4,38768.5,37657.2 ,10.26M,-1.23%
6/4/2022,38127.4,37358.0,38383.8,37358.0 ,8.67M,0.68%
5/4/2022,37870.9,38298.4,38811.3,37828.2 ,7.68M,-1.56%
4/4/2022,38469.3,37187.0,38512.1,36845.1 ,15.76M,4.90%
1/4/2022,36674.1,35904.7,36674.1,35391.8 ,8.30M,2.14%
31/03/2022,35904.7,36588.6,36588.6,35904.7 ,4.51M,-0.71%
30/03/2022,36161.2,35990.2,36930.6,35947.5 ,7.45M,-0.82%
29/03/2022,36460.4,36674.1,36674.1,36417.6 ,4.36M,0.95%
28/03/2022,36118.4,36674.1,36973.3,35733.7 ,11.06M,-2.76%
25/03/2022,37144.3,37400.7,37571.7,37016.0 ,8.43M,-0.80%
24/03/2022,37443.5,37999.1,37999.1,37400.7 ,7.55M,-4.66%
23/03/2022,39273.1,39539.6,39717.3,39273.1 ,6.73M,-0.34%
22/03/2022,39406.3,39361.9,39806.2,39273.1 ,6.39M,0.11%
21/03/2022,39361.9,39361.9,39495.2,38917.6 ,7.40M,1.14%
18/03/2022,38917.6,39050.9,39539.6,38828.8 ,8.32M,0.00%
17/03/2022,38917.6,39495.2,39495.2,38917.6 ,5.02M,0.00%
16/03/2022,38917.6,38651.1,39495.2,38562.2 ,7.55M,1.15%
15/03/2022,38473.4,38251.2,39184.2,38206.8 ,8.31M,0.23%
14/03/2022,38384.5,39628.5,39806.2,38118.0 ,17.71M,-4.00%
11/3/2022,39983.9,41050.1,41316.7,39717.3 ,17.83M,-3.43%
10/3/2022,41405.5,42471.8,42471.8,41405.5 ,9.05M,0.00%
9/3/2022,41405.5,42027.5,42205.2,40783.6 ,13.10M,-0.85%
8/3/2022,41760.9,41316.7,42827.2,40961.3 ,25.89M,0.43%
7/3/2022,41583.2,40961.3,41627.7,40650.3 ,12.35M,0.43%
4/3/2022,41405.5,40872.4,42116.4,40828.0 ,21.83M,2.42%
3/3/2022,40428.1,39983.9,40428.1,39539.6 ,8.98M,1.56%
2/3/2022,39806.2,40517.0,40739.1,39584.0 ,13.41M,-2.61%
1/3/2022,40872.4,40872.4,41139.0,40339.3 ,9.37M,0.66%
28/02/2022,40605.9,40694.7,41405.5,40561.4 ,8.01M,0.00%
25/02/2022,40605.9,39983.9,41361.1,39806.2 ,16.68M,2.47%
24/02/2022,39628.5,40072.7,40872.4,38606.7 ,13.57M,-1.55%
23/02/2022,40250.4,40161.6,40517.0,40161.6 ,5.99M,0.67%
22/02/2022,39983.9,40250.4,40605.9,39539.6 ,8.20M,-2.17%
21/02/2022,40872.4,40250.4,41227.8,40250.4 ,11.68M,1.77%
18/02/2022,40161.6,39539.6,40694.7,39450.8 ,9.99M,0.44%
17/02/2022,39983.9,39806.2,40117.2,39806.2 ,6.25M,0.22%
16/02/2022,39895.0,39717.3,40072.7,39361.9 ,5.18M,1.58%
15/02/2022,39273.1,39273.1,39717.3,38517.8 ,6.10M,1.38%
14/02/2022,38739.9,39539.6,39717.3,38739.9 ,11.16M,-3.33%
11/2/2022,40072.7,39983.9,40561.4,39806.2 ,5.91M,0.00%
10/2/2022,40072.7,40694.7,40783.6,39628.5 ,7.44M,-1.31%
9/2/2022,40605.9,40250.4,41139.0,40250.4 ,8.76M,0.11%
8/2/2022,40561.4,40428.1,40961.3,39983.9 ,7.08M,-0.44%
7/2/2022,40739.1,40872.4,41672.1,40250.4 ,10.31M,1.78%
28/01/2022,40028.3,38473.4,40028.3,38384.5 ,8.29M,3.80%
27/01/2022,38562.2,37762.6,39539.6,37407.1 ,8.03M,2.24%
26/01/2022,37718.1,38206.8,38562.2,37673.7 ,8.95M,-0.82%
25/01/2022,38029.1,36429.8,38118.0,36340.9 ,10.89M,3.26%
24/01/2022,36829.6,38917.6,39361.9,36829.6 ,19.99M,-6.96%
21/01/2022,39584.0,40161.6,40517.0,39273.1 ,9.07M,-2.52%
20/01/2022,40605.9,40339.3,41050.1,39495.2 ,9.63M,1.11%
19/01/2022,40161.6,39006.5,40161.6,38517.8 ,11.79M,6.86%
18/01/2022,37584.8,39361.9,40072.7,37451.6 ,17.02M,-6.62%
17/01/2022,40250.4,43093.7,43449.1,40250.4 ,34.41M,-6.98%
14/01/2022,43271.4,43049.3,43937.8,42916.0 ,7.11M,-0.31%
13/01/2022,43404.7,45315.1,45403.9,43404.7 ,12.12M,-3.27%
12/1/2022,44870.8,43093.7,44870.8,42738.3 ,16.45M,4.99%
11/1/2022,42738.3,44160.0,44959.7,42649.5 ,16.60M,-2.93%
10/1/2022,44026.7,45848.2,46203.6,44026.7 ,18.59M,-3.97%
7/1/2022,45848.2,45937.0,46647.9,45492.8 ,14.87M,-0.58%
6/1/2022,46114.7,46559.0,47092.1,46114.7 ,14.10M,-1.70%
5/1/2022,46914.4,47092.1,47891.8,46647.9 ,16.71M,-0.38%
4/1/2022,47092.1,46647.9,47447.5,46114.7 ,17.50M,2.32%
31/12/2021,46025.9,47003.3,47092.1,45848.2 ,10.22M,-1.52%
30/12/2021,46736.7,44604.2,46914.4,44515.4 ,17.67M,5.94%
29/12/2021,44115.5,43449.1,44781.9,42738.3 ,10.44M,1.74%
28/12/2021,43360.3,43804.6,44026.7,43360.3 ,10.49M,-0.71%
27/12/2021,43671.3,44382.1,44382.1,43538.0 ,6.95M,0.20%
24/12/2021,43582.4,43715.7,44382.1,43004.9 ,9.41M,0.10%
23/12/2021,43538.0,45137.4,45226.2,42649.5 ,27.96M,-4.11%
22/12/2021,45403.9,46647.9,46914.4,45137.4 ,24.23M,-2.67%
21/12/2021,46647.9,47181.0,47714.1,46647.9 ,13.08M,-1.87%
20/12/2021,47536.4,46647.9,48424.9,46292.4 ,19.77M,1.90%
17/12/2021,46647.9,45315.1,47003.3,45226.2 ,17.18M,3.14%
16/12/2021,45226.2,46114.7,46203.6,44870.8 ,23.75M,-1.55%
15/12/2021,45937.0,46647.9,47181.0,45937.0 ,14.80M,-1.90%
14/12/2021,46825.6,47358.7,47891.8,46736.7 ,15.46M,-1.31%
13/12/2021,47447.5,47269.8,47980.7,46470.2 ,16.52M,0.75%
10/12/2021,47092.1,47714.1,47802.9,46736.7 ,14.88M,-1.49%
9/12/2021,47802.9,45315.1,47802.9,45315.1 ,17.43M,3.86%
8/12/2021,46025.9,46647.9,47003.3,46025.9 ,13.84M,-0.77%
7/12/2021,46381.3,46203.6,46647.9,45137.4 ,16.89M,2.35%
6/12/2021,45315.1,44959.7,46470.2,43538.0 ,33.27M,0.99%
3/12/2021,44870.8,48069.5,48336.1,44870.8 ,47.80M,-6.48%
2/12/2021,47980.7,48869.2,49580.0,47980.7 ,22.60M,-2.17%
1/12/2021,49046.9,49313.5,49935.4,48069.5 ,24.74M,-1.25%
30/11/2021,49668.9,50468.5,51268.2,48869.2 ,25.49M,1.09%
29/11/2021,49135.7,46647.9,49224.6,46647.9 ,31.65M,3.36%
26/11/2021,47536.4,48602.6,49224.6,47092.1 ,32.80M,-2.73%
25/11/2021,48869.2,47358.7,49313.5,46914.4 ,27.05M,3.38%
24/11/2021,47269.8,47092.1,48336.1,46825.6 ,24.89M,2.31%
23/11/2021,46203.6,42916.0,46203.6,42560.6 ,39.81M,7.00%
22/11/2021,43182.6,43093.7,44337.7,42560.6 ,21.67M,0.21%
19/11/2021,43093.7,44426.5,45137.4,40605.9 ,33.03M,-1.12%
18/11/2021,43582.4,43004.9,43582.4,41760.9 ,43.58M,6.98%
17/11/2021,40739.1,39806.2,41094.5,39628.5 ,21.27M,2.46%
16/11/2021,39761.7,40161.6,40739.1,39539.6 ,17.40M,-2.29%
15/11/2021,40694.7,40428.1,41583.2,40072.7 ,30.28M,2.69%
12/11/2021,39628.5,39450.8,40161.6,39139.8 ,13.10M,1.02%
11/11/2021,39228.6,39761.7,40428.1,38429.0 ,26.21M,-1.23%
10/11/2021,39717.3,39539.6,40605.9,39361.9 ,21.00M,0.90%
9/11/2021,39361.9,39539.6,39806.2,38917.6 ,17.18M,-0.45%
8/11/2021,39539.6,38473.4,39939.5,38295.7 ,33.66M,3.73%
5/11/2021,38118.0,38473.4,38562.2,38029.1 ,15.11M,-0.23%
4/11/2021,38206.8,37140.6,39006.5,37051.7 ,26.49M,3.12%
3/11/2021,37051.7,37984.7,38073.5,36785.2 ,19.76M,-1.53%
2/11/2021,37629.3,36874.0,37762.6,36785.2 ,19.79M,2.29%
1/11/2021,36785.2,36074.3,37140.6,35985.5 ,25.27M,2.22%
29/10/2021,35985.5,36296.5,36429.8,35718.9 ,12.46M,-0.74%
28/10/2021,36252.1,35985.5,36785.2,35763.4 ,13.80M,0.99%
27/10/2021,35896.6,34652.7,35985.5,34563.8 ,13.19M,4.12%
26/10/2021,34475.0,34030.7,34519.4,33764.2 ,9.37M,1.31%
25/10/2021,34030.7,34652.7,34741.5,33853.0 ,16.44M,-2.30%
22/10/2021,34830.4,35274.7,35496.8,34697.1 ,11.92M,-1.26%
21/10/2021,35274.7,35896.6,35941.1,35274.7 ,10.87M,-1.49%
20/10/2021,35807.8,36340.9,36385.3,35452.4 ,14.34M,-1.47%
19/10/2021,36340.9,36429.8,37051.7,36252.1 ,9.43M,0.12%
18/10/2021,36296.5,36207.6,36962.9,35763.4 ,12.05M,0.25%
15/10/2021,36207.6,36607.5,36785.2,36163.2 ,6.79M,-0.61%
14/10/2021,36429.8,36429.8,36962.9,36118.8 ,11.24M,0.00%
13/10/2021,36429.8,36785.2,37096.2,36429.8 ,7.68M,-0.97%
12/10/2021,36785.2,37229.4,37451.6,36785.2 ,8.03M,-1.19%
11/10/2021,37229.4,36429.8,37229.4,36429.8 ,8.76M,2.57%
8/10/2021,36296.5,36163.2,36607.5,35985.5 ,7.24M,0.37%
7/10/2021,36163.2,35541.2,36385.3,35319.1 ,9.05M,1.88%
6/10/2021,35496.8,36163.2,36207.6,35452.4 ,7.73M,-1.11%
5/10/2021,35896.6,35052.5,36163.2,34830.4 ,10.30M,4.66%
4/10/2021,34297.3,34652.7,34741.5,33630.9 ,10.86M,-1.53%
1/10/2021,34830.4,35718.9,35896.6,34830.4 ,11.42M,-3.57%
30/09/2021,36118.8,35807.8,36163.2,35630.1 ,4.64M,1.37%
29/09/2021,35630.1,35985.5,36029.9,35363.5 ,5.87M,-1.23%
28/09/2021,36074.3,35541.2,36340.9,35363.5 ,7.32M,1.50%
27/09/2021,35541.2,37140.6,37273.9,35541.2 ,11.61M,-4.31%
24/09/2021,37140.6,37318.3,37584.8,37096.2 ,5.48M,-0.24%
23/09/2021,37229.4,37318.3,37940.3,37140.6 ,6.14M,0.24%
22/09/2021,37140.6,37629.3,37673.7,37007.3 ,7.00M,-0.71%
21/09/2021,37407.1,37762.6,37940.3,37140.6 ,9.65M,-1.64%
20/09/2021,38029.1,38828.8,38873.2,37984.7 ,8.07M,-0.47%
17/09/2021,38206.8,37807.0,39050.9,37584.8 ,14.95M,1.18%
16/09/2021,37762.6,38251.2,38384.5,37629.3 ,5.16M,-0.93%
15/09/2021,38118.0,37318.3,38340.1,37229.4 ,8.24M,0.94%
14/09/2021,37762.6,38295.7,38473.4,37762.6 ,8.89M,-2.52%
13/09/2021,38739.9,38917.6,38917.6,37940.3 ,12.81M,-0.46%
10/9/2021,38917.6,39095.3,39361.9,38739.9 ,11.08M,-0.34%
9/9/2021,39050.9,39450.8,40250.4,38873.2 ,21.43M,-0.68%
8/9/2021,39317.5,39317.5,39317.5,39139.8 ,15.49M,6.94%
7/9/2021,36765.4,36826.3,37374.1,36400.2 ,38.13M,0.67%
6/9/2021,36522.0,37374.1,37556.7,36522.0 ,26.51M,-1.96%
1/9/2021,37252.4,37313.3,37739.4,37069.8 ,14.60M,-0.97%
31/08/2021,37617.6,38287.2,38469.8,37130.7 ,14.99M,-0.96%
30/08/2021,37982.8,37495.9,38043.7,36948.0 ,19.12M,1.96%
27/08/2021,37252.4,36643.7,37374.1,36400.2 ,16.47M,0.16%
26/08/2021,37191.5,37739.4,37922.0,36339.3 ,19.00M,-1.45%
25/08/2021,37739.4,37252.4,37739.4,36765.4 ,17.20M,1.31%
24/08/2021,37252.4,38348.1,38713.3,36339.3 ,36.18M,-3.47%
23/08/2021,38591.5,38043.7,38591.5,37617.6 ,22.37M,1.44%
20/08/2021,38043.7,38165.4,38652.4,36948.0 ,41.33M,-0.32%
19/08/2021,38165.4,37069.8,38287.2,37008.9 ,24.40M,4.15%
18/08/2021,36643.7,37069.8,38043.7,36643.7 ,27.35M,-1.79%
17/08/2021,37313.3,37617.6,37861.1,37008.9 ,20.14M,-1.29%
16/08/2021,37800.2,37313.3,38043.7,37069.8 ,26.29M,5.25%
13/08/2021,35913.3,35304.6,36339.3,35121.9 ,33.36M,2.25%
12/8/2021,35121.9,34939.3,35852.4,34939.3 ,21.19M,0.00%
11/8/2021,35121.9,36339.3,36400.2,35121.9 ,27.47M,-2.86%
10/8/2021,36156.7,36643.7,36704.6,35913.3 ,19.52M,0.17%
9/8/2021,36095.9,34148.0,36643.7,34148.0 ,35.44M,5.14%
6/8/2021,34330.6,34817.6,35121.9,34330.6 ,25.52M,-1.91%
5/8/2021,35000.2,34269.8,35182.8,34148.0 ,18.97M,1.23%
4/8/2021,34574.1,34878.5,34878.5,34208.9 ,18.55M,0.53%
3/8/2021,34391.5,33356.7,34391.5,33174.1 ,28.18M,2.73%
2/8/2021,33478.5,32930.6,33843.7,32869.8 ,23.93M,0.73%
30/07/2021,33235.0,32869.8,33478.5,32626.3 ,23.56M,1.11%
29/07/2021,32869.8,32261.1,32869.8,32078.5 ,20.14M,3.05%
28/07/2021,31895.8,31591.5,32261.1,31530.6 ,10.92M,0.77%
27/07/2021,31652.4,31530.6,32504.5,31408.9 ,22.95M,2.36%
26/07/2021,30921.9,30800.2,31408.9,30435.0 ,15.08M,0.40%
23/07/2021,30800.2,31530.6,31895.8,30800.2 ,19.08M,-3.07%
22/07/2021,31774.1,31165.4,32261.1,31104.5 ,15.54M,1.36%
21/07/2021,31348.0,32017.6,32261.1,31287.1 ,14.77M,-2.28%
20/07/2021,32078.5,30495.8,32078.5,29704.5 ,23.77M,6.90%
19/07/2021,30008.9,31043.7,31530.6,30008.9 ,25.74M,-6.63%
16/07/2021,32139.3,32687.1,32808.9,32078.5 ,16.78M,-1.68%
15/07/2021,32687.1,30435.0,32687.1,30435.0 ,21.14M,5.29%
14/07/2021,31043.7,31530.6,31713.2,29856.7 ,18.68M,-1.54%
13/07/2021,31530.6,30678.4,31530.6,29978.4 ,19.36M,4.65%
12/7/2021,30130.6,31348.0,31956.7,29795.8 ,37.14M,-5.89%
9/7/2021,32017.6,32687.1,33478.5,31713.2 ,21.19M,-3.31%
8/7/2021,33113.2,33356.7,33782.8,32565.4 ,16.01M,-0.18%
7/7/2021,33174.1,32261.1,33174.1,30739.3 ,28.66M,3.61%
6/7/2021,32017.6,34391.5,35182.8,32017.6 ,25.77M,-6.90%
5/7/2021,34391.5,34878.5,35061.1,33356.7 ,29.18M,-2.42%
2/7/2021,35243.7,35243.7,35913.3,34695.9 ,19.68M,0.70%
1/7/2021,35000.2,34087.2,35426.3,33721.9 ,21.32M,4.55%
30/06/2021,33478.5,32930.6,33661.1,32869.8 ,18.05M,0.73%
29/06/2021,33235.0,32808.9,33965.4,32626.3 ,16.20M,1.30%
28/06/2021,32808.9,33356.7,33356.7,32382.8 ,14.97M,0.37%
25/06/2021,32687.1,30739.3,32687.1,30678.4 ,36.78M,6.97%
24/06/2021,30556.7,30435.0,30739.3,30252.4 ,11.49M,0.60%
23/06/2021,30374.1,30130.6,30921.9,29948.0 ,14.97M,0.81%
22/06/2021,30130.6,30374.1,30374.1,29887.1 ,14.04M,1.02%
21/06/2021,29826.3,30495.8,30739.3,29765.4 ,19.48M,-2.97%
18/06/2021,30739.3,31348.0,31348.0,30495.8 ,12.11M,0.00%
17/06/2021,30739.3,29278.4,31287.1,29278.4 ,16.71M,2.23%
16/06/2021,30069.7,30921.9,31469.8,29795.8 ,34.31M,-5.00%
15/06/2021,31652.4,31652.4,32565.4,31348.0 ,23.05M,0.00%
14/06/2021,31652.4,30159.3,32010.7,29860.7 ,28.86M,5.79%
11/6/2021,29920.4,27770.5,29980.2,27710.7 ,34.50M,6.60%
10/6/2021,28069.1,27889.9,28517.0,27770.5 ,23.14M,0.64%
9/6/2021,27889.9,26635.8,28098.9,25680.2 ,33.09M,6.14%
8/6/2021,26277.4,28069.1,28606.6,26277.4 ,30.47M,-6.68%
7/6/2021,28158.7,28785.7,29442.7,27173.3 ,37.26M,-3.28%
4/6/2021,29114.2,29144.1,29860.7,28666.3 ,24.81M,-0.31%
3/6/2021,29203.8,28487.1,29382.9,28069.1 ,22.82M,6.30%
2/6/2021,27471.9,25680.2,27471.9,25680.2 ,25.81M,5.26%
1/6/2021,26098.3,26874.6,27053.8,25859.4 ,19.26M,-1.58%
31/05/2021,26516.3,25321.9,26576.0,25083.0 ,18.94M,6.22%
28/05/2021,24963.6,23828.9,25023.3,23590.0 ,26.45M,5.56%
27/05/2021,23649.7,24455.9,24545.5,23291.4 ,25.09M,-3.30%
26/05/2021,24455.9,24366.3,24903.8,24187.2 ,20.59M,0.12%
25/05/2021,24426.1,23769.1,24485.8,23590.0 ,22.95M,2.76%
24/05/2021,23769.1,23410.8,23799.0,23052.5 ,25.73M,2.05%
21/05/2021,23291.4,23291.4,24067.7,22992.8 ,24.75M,1.30%
20/05/2021,22992.8,21589.3,22992.8,21499.7 ,43.69M,6.94%
19/05/2021,21499.7,21051.8,21619.2,20902.5 ,25.43M,2.13%
18/05/2021,21051.8,21141.4,21440.0,20842.8 ,17.95M,-0.56%
17/05/2021,21171.2,21499.7,21678.9,21081.7 ,26.32M,0.42%
14/05/2021,21081.7,21111.5,21440.0,20932.4 ,20.27M,0.71%
13/05/2021,20932.4,20544.2,21589.3,20544.2 ,32.57M,0.72%
12/5/2021,20783.1,20305.3,20812.9,20305.3 ,15.74M,1.75%
11/5/2021,20424.7,20902.5,21081.7,20424.7 ,24.92M,-1.44%
10/5/2021,20723.3,19409.5,20842.8,19290.0 ,35.28M,6.12%
7/5/2021,19528.9,19409.5,20006.7,19349.7 ,14.55M,-0.46%
6/5/2021,19618.5,20006.7,20275.4,19558.8 ,16.64M,-2.23%
5/5/2021,20066.4,19767.8,20424.7,19678.2 ,19.24M,2.13%
4/5/2021,19648.4,18991.4,19648.4,18872.0 ,15.53M,0.92%
29/04/2021,19469.2,19170.6,19708.1,19170.6 ,14.24M,1.56%
28/04/2021,19170.6,18991.4,19439.3,18931.7 ,13.59M,0.94%
27/04/2021,18991.4,18931.7,19110.9,18603.2 ,8.31M,0.32%
26/04/2021,18931.7,19708.1,19767.8,18872.0 ,15.42M,-3.94%
23/04/2021,19708.1,19110.9,19708.1,18842.1 ,22.79M,3.94%
22/04/2021,18961.6,20066.4,20305.3,18961.6 ,22.96M,-6.89%
20/04/2021,20365.0,21201.1,21231.0,20245.6 ,23.14M,-2.01%
19/04/2021,20783.1,20603.9,20783.1,20185.8 ,18.44M,2.35%
16/04/2021,20305.3,20693.5,20932.4,19887.2 ,28.28M,-2.44%
15/04/2021,20812.9,21469.9,21469.9,20723.3 ,29.07M,-3.06%
14/04/2021,21469.9,21021.9,21619.2,20902.5 ,25.63M,0.98%
13/04/2021,21260.8,22037.2,22037.2,20992.1 ,27.43M,-2.47%
12/4/2021,21798.3,21260.8,22007.3,21021.9 ,26.34M,3.55%
9/4/2021,21051.8,20962.2,21320.6,20902.5 ,17.67M,0.14%
8/4/2021,21021.9,21320.6,21320.6,20872.6 ,17.08M,-0.42%
7/4/2021,21111.5,20902.5,21201.1,20783.1 ,20.19M,1.00%
6/4/2021,20902.5,20603.9,21081.7,20603.9 ,24.67M,0.00%
5/4/2021,20902.5,20902.5,21201.1,20544.2 ,28.98M,2.04%
2/4/2021,20484.5,20842.8,20872.6,20335.1 ,21.44M,1.03%
1/4/2021,20275.4,18991.4,20275.4,18961.6 ,34.01M,6.93%
31/03/2021,18961.6,18931.7,19200.4,18901.8 ,11.87M,-0.16%
30/03/2021,18991.4,19051.1,19051.1,18633.1 ,11.31M,1.27%
29/03/2021,18752.5,18692.8,18782.4,18513.6 ,8.84M,1.62%
26/03/2021,18453.9,18304.6,18573.4,17558.1 ,15.75M,0.32%
25/03/2021,18394.2,18812.3,18961.6,18334.5 ,20.60M,-1.60%
24/03/2021,18692.8,19290.0,19558.8,18513.6 ,20.62M,-4.86%
23/03/2021,19648.4,19947.0,19947.0,19439.3 ,13.71M,-1.50%
22/03/2021,19947.0,20066.4,20156.0,19827.5 ,11.81M,0.30%
19/03/2021,19887.2,19767.8,20305.3,19767.8 ,17.33M,0.00%
18/03/2021,19887.2,19827.5,20006.7,19708.1 ,10.99M,2.15%
17/03/2021,19469.2,19379.6,19648.4,19319.9 ,11.68M,-0.31%
16/03/2021,19528.9,19827.5,19827.5,19349.7 ,20.15M,-1.51%
15/03/2021,19827.5,20006.7,20126.1,19827.5 ,11.02M,-0.90%
12/3/2021,20006.7,20275.4,20365.0,19947.0 ,9.61M,-1.33%
11/3/2021,20275.4,20066.4,20484.5,19887.2 ,16.80M,2.57%
10/3/2021,19767.8,19588.6,19857.4,19290.0 ,16.98M,0.15%
9/3/2021,19737.9,19887.2,20036.5,19558.8 ,16.28M,-1.49%
8/3/2021,20036.5,20394.9,20574.0,19917.1 ,16.81M,0.30%
5/3/2021,19976.8,19708.1,19976.8,19409.5 ,21.96M,0.00%
4/3/2021,19976.8,20872.6,20872.6,19708.1 ,24.28M,-4.02%
3/3/2021,20812.9,20753.2,20962.2,20663.6 ,15.26M,-0.57%
2/3/2021,20932.4,21201.1,21201.1,20693.5 ,19.46M,0.14%
1/3/2021,20902.5,20066.4,20962.2,19887.2 ,29.97M,5.42%
26/02/2021,19827.5,19528.9,19947.0,19469.2 ,21.66M,-0.75%
25/02/2021,19976.8,20126.1,20156.0,19648.4 ,17.30M,0.00%
24/02/2021,19976.8,20484.5,20574.0,19708.1 ,22.73M,-0.45%
23/02/2021,20066.4,19678.2,20275.4,19499.0 ,24.18M,2.28%
22/02/2021,19618.5,19797.7,20156.0,19528.9 ,20.83M,-0.91%
19/02/2021,19797.7,19528.9,20066.4,19528.9 ,18.51M,-0.45%
18/02/2021,19887.2,20006.7,20156.0,19558.8 ,22.74M,-0.75%
17/02/2021,20036.5,19409.5,20066.4,19230.3 ,17.46M,5.67%
9/2/2021,18961.6,18394.2,19051.1,17677.5 ,24.68M,3.76%
8/2/2021,18274.8,18991.4,19558.8,17677.5 ,33.28M,-2.86%
5/2/2021,18812.3,17797.0,18812.3,17767.1 ,19.28M,6.06%
4/2/2021,17737.3,17737.3,18274.8,17438.7 ,18.75M,0.00%
3/2/2021,17737.3,17020.6,17737.3,16722.0 ,22.32M,6.83%
2/2/2021,16602.6,15945.6,16722.0,15348.4 ,18.02M,3.73%
1/2/2021,16005.3,17199.8,17617.8,16005.3 ,24.33M,-6.94%
29/01/2021,17199.8,15527.6,17707.4,15527.6 ,21.75M,3.78%
28/01/2021,16572.7,16572.7,16871.3,16572.7 ,28.06M,-6.88%
27/01/2021,17797.0,18573.4,19110.9,17797.0 ,21.83M,-6.88%
26/01/2021,19110.9,19976.8,20066.4,18872.0 ,16.51M,-5.04%
25/01/2021,20126.1,19827.5,20633.8,19648.4 ,18.87M,-0.15%
22/01/2021,20156.0,20484.5,20723.3,19947.0 ,17.86M,-2.32%
21/01/2021,20633.8,19947.0,20902.5,19708.1 ,20.32M,3.75%
20/01/2021,19887.2,20424.7,20603.9,18842.1 ,22.49M,-1.48%
19/01/2021,20185.8,21380.3,21708.7,20185.8 ,30.59M,-6.89%
18/01/2021,21678.9,22067.1,22067.1,21529.6 ,18.04M,-1.76%
15/01/2021,22067.1,21380.3,22246.2,21171.2 ,22.75M,4.53%
14/01/2021,21111.5,20006.7,21380.3,19708.1 ,35.48M,5.52%
13/01/2021,20006.7,20603.9,20603.9,19947.0 ,15.15M,-1.76%
12/1/2021,20365.0,19827.5,20603.9,19409.5 ,25.46M,1.64%
11/1/2021,20036.5,20365.0,20424.7,19737.9 ,20.93M,-1.76%
8/1/2021,20394.9,20842.8,20842.8,20036.5 ,17.71M,-0.73%
7/1/2021,20544.2,20603.9,20663.6,20036.5 ,21.41M,1.18%
6/1/2021,20305.3,20424.7,20872.6,19708.1 ,16.11M,0.74%
5/1/2021,20156.0,19857.4,20365.0,19767.8 ,13.40M,-0.15%
4/1/2021,20185.8,20603.9,20663.6,20185.8 ,14.00M,2.11%
31/12/2020,19767.8,18812.3,19976.8,18782.4 ,14.98M,5.08%
30/12/2020,18812.3,18752.5,19081.0,18513.6 ,16.35M,-0.63%
29/12/2020,18931.7,18812.3,19200.4,18573.4 ,18.50M,-0.94%
28/12/2020,19110.9,18931.7,19260.2,18573.4 ,19.54M,5.61%
25/12/2020,18095.6,16722.0,18095.6,16513.0 ,24.87M,6.88%
24/12/2020,16931.0,17140.1,17199.8,16005.3 ,24.67M,-1.56%
23/12/2020,17199.8,17528.2,17558.1,17020.6 ,21.71M,-2.70%
22/12/2020,17677.5,17319.2,17886.6,16990.7 ,19.58M,3.32%
21/12/2020,17110.2,16363.7,17110.2,16244.2 ,21.82M,6.90%
18/12/2020,16005.3,15169.2,16005.3,15019.9 ,23.00M,6.99%
17/12/2020,14960.2,14810.9,15288.7,14691.5 ,20.51M,0.00%
16/12/2020,14960.2,15288.7,15408.1,14930.4 ,22.43M,-1.77%
15/12/2020,15229.0,14810.9,15587.3,14810.9 ,23.83M,1.39%
14/12/2020,15019.9,14392.9,15019.9,14333.1 ,18.37M,6.79%
11/12/2020,14064.4,13616.5,14064.4,13467.2 ,14.01M,3.29%
10/12/2020,13616.5,13556.8,13885.2,13377.6 ,15.31M,0.44%
9/12/2020,13556.8,13258.2,13855.4,13258.2 ,21.37M,3.65%
8/12/2020,13079.0,12332.5,13108.9,12332.5 ,17.91M,6.57%
7/12/2020,12272.8,12153.3,12302.6,12093.6 ,11.00M,2.49%
4/12/2020,11974.1,12063.7,12123.5,11944.3 ,9.85M,-0.74%
3/12/2020,12063.7,11884.6,12183.2,11824.8 ,12.51M,2.54%
2/12/2020,11765.1,11586.0,11854.7,11556.1 ,11.02M,1.55%
1/12/2020,11586.0,11227.6,11586.0,11227.6 ,13.66M,0.78%
30/11/2020,11496.4,11586.0,11705.4,11466.5 ,10.45M,-0.52%
27/11/2020,11556.1,11436.7,11586.0,11436.7 ,7.16M,1.04%
26/11/2020,11436.7,11436.7,11526.2,11257.5 ,8.30M,-0.26%
25/11/2020,11466.5,11347.1,11526.2,11317.2 ,13.40M,1.32%
24/11/2020,11317.2,11227.6,11406.8,11108.2 ,17.00M,1.34%
23/11/2020,11167.9,10869.3,11197.8,10779.7 ,14.54M,2.75%
20/11/2020,10869.3,11018.6,11048.5,10809.6 ,9.40M,-1.35%
19/11/2020,11018.6,11078.3,11108.2,10929.0 ,8.08M,0.27%
18/11/2020,10988.7,10929.0,11108.2,10869.3 ,11.66M,0.82%
17/11/2020,10899.2,10660.3,10899.2,10540.8 ,13.33M,3.11%
16/11/2020,10570.7,10749.9,10809.6,10570.7 ,9.74M,-0.56%
13/11/2020,10630.4,10511.0,10630.4,10421.4 ,6.52M,1.71%
12/11/2020,10451.3,10511.0,10570.7,10421.4 ,5.66M,0.00%
11/11/2020,10451.3,10630.4,10690.1,10451.3 ,7.53M,-1.13%
10/11/2020,10570.7,10600.6,10779.7,10511.0 ,13.69M,1.14%
9/11/2020,10451.3,10301.9,10511.0,10301.9 ,6.16M,2.04%
6/11/2020,10242.2,10301.9,10361.7,10182.5 ,2.37M,-0.58%
5/11/2020,10301.9,10391.5,10481.1,10301.9 ,3.86M,-1.43%
4/11/2020,10451.3,10391.5,10481.1,10301.9 ,7.11M,0.86%
3/11/2020,10361.7,10301.9,10391.5,10272.1 ,4.84M,1.17%
2/11/2020,10242.2,10212.4,10242.2,10092.9 ,2.61M,0.29%
30/10/2020,10212.4,10212.4,10242.2,9973.5 ,4.70M,0.00%
29/10/2020,10212.4,9854.0,10212.4,9824.2 ,7.45M,2.40%
28/10/2020,9973.5,10212.4,10301.9,9854.0 ,9.19M,-2.91%
27/10/2020,10272.1,10451.3,10540.8,10272.1 ,8.46M,-2.27%
26/10/2020,10511.0,10690.1,10809.6,10511.0 ,7.35M,-1.68%
23/10/2020,10690.1,10809.6,10839.4,10570.7 ,6.79M,-0.56%
22/10/2020,10749.9,10481.1,10749.9,10391.5 ,10.38M,1.70%
21/10/2020,10570.7,10869.3,10929.0,10570.7 ,10.97M,-2.75%
20/10/2020,10869.3,10958.9,10958.9,10690.1 ,6.51M,-0.82%
19/10/2020,10958.9,10929.0,11167.9,10839.4 ,14.70M,1.10%
16/10/2020,10839.4,10809.6,10929.0,10720.0 ,6.90M,0.00%
15/10/2020,10839.4,10929.0,10958.9,10779.7 ,7.35M,0.28%
14/10/2020,10809.6,10511.0,10809.6,10421.4 ,8.35M,3.13%
13/10/2020,10481.1,10660.3,10720.0,10481.1 ,6.79M,-1.68%
12/10/2020,10660.3,10869.3,10869.3,10600.6 ,7.53M,-0.83%
9/10/2020,10749.9,10749.9,10899.2,10660.3 ,6.01M,0.84%
8/10/2020,10660.3,10749.9,10779.7,10511.0 ,7.24M,0.00%
7/10/2020,10660.3,10749.9,10839.4,10630.4 ,8.96M,-1.65%
6/10/2020,10839.4,10899.2,10958.9,10720.0 ,8.12M,-0.55%
5/10/2020,10899.2,10779.7,10929.0,10630.4 ,10.36M,2.82%
2/10/2020,10600.6,10690.1,10779.7,10152.6 ,17.02M,-0.28%
1/10/2020,10630.4,10212.4,10749.9,10152.6 ,16.03M,5.01%
30/09/2020,10122.8,10003.3,10152.6,9913.8 ,6.88M,1.19%
29/09/2020,10003.3,10212.4,10242.2,9973.5 ,9.51M,-0.89%
28/09/2020,10092.9,9883.9,10122.8,9883.9 ,8.10M,2.74%
25/09/2020,9824.2,9913.8,9943.6,9704.7 ,11.32M,-0.60%
24/09/2020,9883.9,9913.8,10033.2,9854.0 ,7.09M,-0.90%
23/09/2020,9973.5,9883.9,10033.2,9883.9 ,8.85M,0.91%
22/09/2020,9883.9,9764.5,9913.8,9764.5 ,10.59M,0.30%
21/09/2020,9854.0,9824.2,10003.3,9764.5 ,12.62M,1.23%
18/09/2020,9734.6,9555.4,9824.2,9525.6 ,12.27M,1.88%
17/09/2020,9555.4,9525.6,9585.3,9436.0 ,9.32M,0.63%
16/09/2020,9495.7,9436.0,9615.2,9436.0 ,5.91M,0.63%
15/09/2020,9436.0,9436.0,9645.0,9406.1 ,10.88M,0.32%
14/09/2020,9406.1,9465.8,9495.7,9346.4 ,7.21M,0.00%
11/9/2020,9406.1,9465.8,9525.6,9376.3 ,6.84M,-0.63%
10/9/2020,9465.8,9525.6,9645.0,9465.8 ,13.65M,0.00%
9/9/2020,9465.8,9256.8,9495.7,9227.0 ,10.94M,0.32%
8/9/2020,9436.0,9227.0,9436.0,9137.4 ,10.61M,2.93%
7/9/2020,9167.2,9256.8,9465.8,9137.4 ,14.88M,-0.33%
4/9/2020,9197.1,8958.2,9376.3,8868.6 ,15.09M,0.98%
3/9/2020,9107.5,9167.2,9167.2,9017.9 ,7.57M,0.99%
1/9/2020,9017.9,8868.6,9017.9,8838.8 ,5.36M,1.34%
31/08/2020,8898.5,9047.8,9107.5,8868.6 ,6.20M,-1.32%
28/08/2020,9017.9,9107.5,9197.1,9017.9 ,9.12M,0.00%
27/08/2020,9017.9,8988.1,9047.8,8928.4 ,5.76M,0.33%
26/08/2020,8988.1,8988.1,9077.7,8928.4 ,8.42M,0.33%
25/08/2020,8958.2,9047.8,9107.5,8928.4 ,7.16M,0.00%
24/08/2020,8958.2,8868.6,9017.9,8808.9 ,10.94M,2.04%
21/08/2020,8779.1,8629.7,8779.1,8570.0 ,5.84M,2.44%
20/08/2020,8570.0,8689.5,8719.3,8570.0 ,4.20M,-1.38%
19/08/2020,8689.5,8570.0,8719.3,8570.0 ,4.15M,1.04%
18/08/2020,8599.9,8659.6,8719.3,8570.0 ,3.00M,-0.69%
17/08/2020,8659.6,8719.3,8719.3,8510.3 ,5.92M,-0.68%
14/08/2020,8719.3,8838.8,8898.5,8629.7 ,6.68M,-1.68%
13/08/2020,8868.6,8779.1,8898.5,8719.3 ,5.80M,1.36%
12/8/2020,8749.2,8808.9,8838.8,8659.6 ,4.47M,-0.34%
11/8/2020,8779.1,8689.5,8808.9,8599.9 ,8.25M,2.08%
10/8/2020,8599.9,8659.6,8719.3,8599.9 ,5.11M,1.05%
7/8/2020,8510.3,8570.0,8629.7,8480.4 ,3.98M,-0.70%
6/8/2020,8570.0,8629.7,8689.5,8540.2 ,6.47M,-1.03%
5/8/2020,8659.6,8480.4,8779.1,8450.6 ,7.26M,1.05%
4/8/2020,8570.0,8570.0,8629.7,8390.9 ,7.21M,1.77%
3/8/2020,8420.7,8062.4,8480.4,8062.4 ,7.79M,4.06%
31/07/2020,8092.3,8002.7,8241.6,7972.8 ,4.40M,-1.45%
30/07/2020,8211.7,8122.1,8301.3,8122.1 ,4.19M,1.48%
29/07/2020,8092.3,8361.0,8361.0,7913.1 ,9.82M,-4.58%
28/07/2020,8480.4,8241.6,8480.4,7972.8 ,10.33M,6.77%
27/07/2020,7943.0,8062.4,8361.0,7943.0 ,12.91M,-6.99%
24/07/2020,8540.2,8868.6,8898.5,8331.1 ,15.18M,-4.03%
23/07/2020,8898.5,9017.9,9047.8,8868.6 ,6.80M,-1.00%
22/07/2020,8988.1,9197.1,9227.0,8988.1 ,6.15M,-1.31%
21/07/2020,9107.5,9346.4,9376.3,9017.9 ,10.80M,-1.30%
20/07/2020,9227.0,9555.4,9555.4,9227.0 ,10.00M,-1.59%
17/07/2020,9376.3,9292.0,9516.6,9264.0 ,10.60M,0.60%
16/07/2020,9320.1,9320.1,9376.3,9264.0 ,5.49M,0.30%
15/07/2020,9292.0,9432.4,9432.4,9264.0 ,6.74M,-0.90%
14/07/2020,9376.3,8927.1,9376.3,8927.1 ,14.19M,4.70%
13/07/2020,8955.2,9095.5,9123.6,8899.0 ,8.23M,0.00%
10/7/2020,8955.2,8842.9,9067.5,8842.9 ,14.11M,0.63%
9/7/2020,8899.0,8927.1,8983.2,8814.8 ,7.57M,0.96%
8/7/2020,8814.8,8702.5,8814.8,8618.3 ,3.87M,0.96%
7/7/2020,8730.6,8814.8,8899.0,8702.5 ,7.53M,-0.32%
6/7/2020,8758.7,8590.2,8758.7,8506.0 ,6.19M,2.97%
3/7/2020,8506.0,8590.2,8590.2,8477.9 ,3.55M,0.00%
2/7/2020,8506.0,8590.2,8590.2,8449.9 ,3.61M,-0.98%
1/7/2020,8590.2,8393.7,8646.4,8281.4 ,5.34M,3.38%
30/06/2020,8309.5,8534.1,8562.2,8113.0 ,5.87M,0.00%
29/06/2020,8309.5,8702.5,8702.5,8225.3 ,11.65M,-4.52%
26/06/2020,8702.5,8927.1,9095.5,8674.5 ,7.64M,-1.90%
25/06/2020,8871.0,8786.7,8899.0,8646.4 ,6.08M,0.32%
24/06/2020,8842.9,9039.4,9179.8,8814.8 ,9.28M,-2.17%
23/06/2020,9039.4,8674.5,9123.6,8674.5 ,21.78M,5.92%
22/06/2020,8534.1,8590.2,8702.5,8393.7 ,5.85M,-0.65%
19/06/2020,8590.2,8421.8,8590.2,8365.7 ,7.74M,2.00%
18/06/2020,8421.8,8253.4,8421.8,8253.4 ,2.86M,0.00%
17/06/2020,8421.8,8506.0,8562.2,8337.6 ,4.52M,-1.32%
16/06/2020,8534.1,8421.8,8562.2,8281.4 ,7.77M,5.19%
15/06/2020,8113.0,8702.5,8730.6,8113.0 ,11.27M,-6.77%
12/6/2020,8702.5,8197.2,8702.5,8028.8 ,11.78M,4.03%
11/6/2020,8365.7,8983.2,9095.5,8365.7 ,14.52M,-6.87%
10/6/2020,8983.2,8842.9,9039.4,8646.4 ,10.16M,0.95%
9/6/2020,8899.0,9151.7,9151.7,8871.0 ,10.00M,-1.25%
8/6/2020,9011.3,9095.5,9095.5,8927.1 ,9.31M,2.23%
5/6/2020,8814.8,8814.8,8871.0,8702.5 ,8.90M,0.00%
4/6/2020,8814.8,8674.5,8955.2,8674.5 ,14.54M,3.29%
3/6/2020,8534.1,8477.9,8534.1,8421.8 ,5.05M,1.00%
2/6/2020,8449.9,8590.2,8618.3,8421.8 ,9.48M,-0.99%
1/6/2020,8534.1,8365.7,8590.2,8337.6 ,6.92M,2.70%
29/05/2020,8309.5,8309.5,8365.7,8225.3 ,5.55M,-0.34%
28/05/2020,8337.6,8365.7,8477.9,8309.5 ,7.57M,-0.34%
27/05/2020,8365.7,8702.5,8730.6,8365.7 ,12.33M,-2.93%
26/05/2020,8618.3,8253.4,8646.4,8225.3 ,12.61M,-6.26%
25/05/2020,9194.0,9099.2,9225.6,9036.0 ,8.79M,1.75%
22/05/2020,9036.0,8972.8,9288.8,8909.6 ,10.88M,-0.35%
21/05/2020,9067.6,9130.8,9162.4,8972.8 ,4.84M,0.35%
20/05/2020,9036.0,9004.4,9099.2,8972.8 ,3.76M,0.00%
19/05/2020,9036.0,9162.4,9225.6,8972.8 ,10.03M,1.06%
18/05/2020,8941.2,8814.9,8972.8,8751.7 ,3.38M,1.43%
15/05/2020,8814.9,9067.6,9130.8,8783.3 ,5.45M,-2.10%
14/05/2020,9004.4,8751.7,9257.2,8751.7 ,8.55M,1.42%
13/05/2020,8878.0,8846.5,9036.0,8656.9 ,8.01M,-1.06%
12/5/2020,8972.8,8846.5,9067.6,8720.1 ,5.77M,0.35%
11/5/2020,8941.2,8656.9,8941.2,8625.3 ,9.06M,4.81%
8/5/2020,8530.5,8340.9,8720.1,8340.9 ,11.56M,2.27%
7/5/2020,8340.9,8183.0,8340.9,8151.4 ,3.40M,1.93%
6/5/2020,8183.0,8056.6,8214.6,8025.0 ,2.45M,2.37%
5/5/2020,7993.4,8025.0,8151.4,7961.8 ,2.43M,-0.39%
4/5/2020,8025.0,8151.4,8214.6,8025.0 ,3.18M,-2.31%
29/04/2020,8214.6,8214.6,8277.8,8151.4 ,2.12M,0.39%
28/04/2020,8183.0,8277.8,8277.8,8088.2 ,3.78M,-1.15%
27/04/2020,8277.8,8435.7,8435.7,8246.2 ,3.08M,-1.13%
24/04/2020,8372.5,8372.5,8435.7,8246.2 ,2.20M,-0.38%
23/04/2020,8404.1,8530.5,8720.1,8404.1 ,3.79M,0.00%
22/04/2020,8404.1,7898.6,8498.9,7898.6 ,5.01M,3.50%
21/04/2020,8119.8,8404.1,8498.9,8056.6 ,6.48M,-6.20%
20/04/2020,8656.9,8625.3,8720.1,8498.9 ,4.86M,0.74%
17/04/2020,8593.7,8530.5,8720.1,8498.9 ,5.75M,1.87%
16/04/2020,8435.7,8340.9,8562.1,8277.8 ,3.80M,0.00%
15/04/2020,8435.7,8404.1,8498.9,8340.9 ,4.49M,1.14%
14/04/2020,8340.9,8246.2,8340.9,8056.6 ,5.70M,0.38%
13/04/2020,8309.3,8309.3,8467.3,8214.6 ,5.22M,-1.13%
10/4/2020,8404.1,8404.1,8593.7,8214.6 ,4.72M,0.76%
9/4/2020,8340.9,8214.6,8340.9,8183.0 ,8.04M,6.70%
8/4/2020,7816.9,7571.8,7898.6,7408.4 ,6.93M,1.41%
7/4/2020,7708.0,7898.6,7925.9,7626.3 ,10.80M,0.00%
6/4/2020,7708.0,7599.0,7708.0,7517.3 ,9.27M,6.79%
3/4/2020,7217.7,7027.0,7217.7,6972.6 ,7.70M,6.85%
1/4/2020,6754.7,6318.9,6754.7,6318.9 ,6.29M,6.90%
31/03/2020,6318.9,6346.1,6509.6,6046.5 ,2.85M,0.87%
30/03/2020,6264.4,6482.3,6482.3,6264.4 ,4.11M,-6.88%
27/03/2020,6727.4,7081.5,7108.8,6727.4 ,4.18M,-4.63%
26/03/2020,7054.3,7190.5,7217.7,7027.0 ,2.13M,-3.00%
25/03/2020,7272.2,7081.5,7272.2,6945.3 ,4.02M,6.80%
24/03/2020,6809.2,7054.3,7081.5,6645.7 ,5.10M,-3.10%
23/03/2020,7027.0,7190.5,7299.4,7027.0 ,5.58M,-6.86%
20/03/2020,7544.5,7626.3,7653.5,7408.4 ,4.86M,1.09%
19/03/2020,7462.8,7299.4,7571.8,7244.9 ,4.35M,0.00%
18/03/2020,7462.8,7844.1,7844.1,7408.4 ,5.40M,-3.52%
17/03/2020,7735.2,7136.0,7735.2,6972.6 ,8.19M,6.77%
16/03/2020,7244.9,7353.9,7408.4,7190.5 ,4.91M,0.00%
13/03/2020,7244.9,6918.1,7490.1,6918.1 ,7.59M,-1.85%
12/3/2020,7381.1,7517.3,7626.3,7353.9 ,7.80M,-6.55%
11/3/2020,7898.6,8634.0,8634.0,7898.6 ,6.12M,-6.75%
10/3/2020,8470.6,8116.5,8525.1,8116.5 ,5.71M,0.00%
9/3/2020,8470.6,8470.6,8606.8,8470.6 ,6.06M,-6.89%
6/3/2020,9097.0,9124.3,9124.3,8960.8 ,2.31M,-0.60%
5/3/2020,9151.5,9015.3,9233.2,8960.8 ,5.59M,3.38%
4/3/2020,8851.9,8715.7,8960.8,8661.2 ,4.83M,1.88%
3/3/2020,8688.5,8770.2,8851.9,8688.5 ,3.54M,0.95%
2/3/2020,8606.8,8743.0,8770.2,8579.5 ,3.58M,-0.63%
28/02/2020,8661.2,8797.4,8824.7,8606.8 ,3.37M,-3.64%
27/02/2020,8988.1,8715.7,8988.1,8688.5 ,2.52M,2.48%
26/02/2020,8770.2,8715.7,9097.0,8661.2 ,1.76M,-1.83%
25/02/2020,8933.6,8634.0,8960.8,8634.0 ,2.87M,0.92%
24/02/2020,8851.9,9287.7,9342.2,8851.9 ,5.90M,-6.88%
21/02/2020,9505.6,9587.3,9614.5,9505.6 ,2.03M,-0.85%
20/02/2020,9587.3,9641.8,9723.5,9532.8 ,2.82M,0.00%
19/02/2020,9587.3,9587.3,9614.5,9505.6 ,2.83M,0.28%
18/02/2020,9560.1,9614.5,9641.8,9478.3 ,2.50M,-0.57%
17/02/2020,9614.5,9696.2,9777.9,9614.5 ,3.31M,-0.84%
14/02/2020,9696.2,9587.3,9723.5,9532.8 ,1.87M,1.14%
13/02/2020,9587.3,9587.3,9641.8,9560.1 ,2.14M,-1.12%
12/2/2020,9696.2,9532.8,9696.2,9532.8 ,4.72M,2.01%
11/2/2020,9505.6,9560.1,9587.3,9478.3 ,2.58M,-0.57%
10/2/2020,9560.1,9369.4,9587.3,9151.5 ,1.31M,-0.85%
7/2/2020,9641.8,9641.8,9777.9,9532.8 ,4.34M,0.00%
6/2/2020,9641.8,9260.4,9641.8,9206.0 ,4.86M,4.43%
5/2/2020,9233.2,9314.9,9396.6,9206.0 ,3.66M,-0.29%
4/2/2020,9260.4,9314.9,9396.6,9151.5 ,3.02M,-0.29%
3/2/2020,9287.7,9151.5,9314.9,8988.1 ,5.32M,-3.67%
31/01/2020,9641.8,9859.7,9968.6,9396.6 ,7.55M,-4.32%
30/01/2020,10077.5,10322.7,10322.7,9859.7 ,4.09M,-4.15%
22/01/2020,10513.3,10486.1,10567.8,10431.6 ,2.93M,0.26%
21/01/2020,10486.1,10404.4,10595.0,10377.1 ,2.61M,0.00%
20/01/2020,10486.1,10486.1,10486.1,10349.9 ,2.18M,0.00%
17/01/2020,10486.1,10458.9,10622.3,10349.9 ,4.80M,0.79%
16/01/2020,10404.4,10023.1,10404.4,10023.1 ,4.04M,3.80%
15/01/2020,10023.1,10050.3,10050.3,9968.6 ,1.41M,0.00%
14/01/2020,10023.1,9968.6,10050.3,9941.4 ,1.81M,0.55%
13/01/2020,9968.6,9914.1,10077.5,9914.1 ,1.91M,0.00%
10/1/2020,9968.6,9805.2,9995.8,9750.7 ,3.50M,1.95%
9/1/2020,9777.9,9777.9,9832.4,9723.5 ,1.95M,1.13%
8/1/2020,9669.0,9832.4,9859.7,9560.1 ,4.44M,-2.74%
7/1/2020,9941.4,9914.1,9968.6,9886.9 ,1.09M,0.28%
6/1/2020,9914.1,9886.9,9968.6,9832.4 ,2.28M,-0.27%
