Mã CK,Đóng cửa,Trần,Sàn,Giá 3 Mua,KL 3 Mua,Giá 2 Mua,KL 2 Mua,Giá 1 Mua,KL 1 Mua,Giá khớp,Khối lượng khớp,Thay đổi giá,Tỷ lệ thay đổi,Giá 1 Bán,KL 1 Bán,Giá 2 Bán,KL 2 Bán,Giá 3 Bán,KL 3 Bán,TKL đã khớp,KL NN mua,KL NN bán
AAA,"10,30","11,00","9,58","10,25",1.538,"10,30",4.830,"10,35",1.691,"10,35",1.961,"0,05","0,49","10,40",262,"10,45",453,"10,50",790,66.306,1.573,1.051
AAM,"7,46","7,98","6,94","7,10",1,"7,15",2,"7,46",1,"7,46",,"0,00","0,00","7,68",1,"7,69",5,"7,70",20,17,,
AAT,"3,47","3,71","3,23","3,42",6,"3,43",9,"3,45",9,"3,47",4,"0,00","0,00","3,47",10,"3,48",20,"3,50",320,222,,
ABR,"12,40","13,25","11,55",,,"11,55",1,"11,70",2,"12,40",,"0,00","0,00","12,40",38,"12,45",20,"12,60",9,1,,
ABS,"4,28","4,57","3,99","4,28",64,"4,29",231,"4,30",468,"4,30",137,"0,02","0,47","4,32",9,"4,33",43,"4,34",72,1.282,,
ABT,"38,20","40,85","35,55","37,75",1,"37,80",3,"37,85",1,"40,45",,"2,25","5,89","40,40",8,"40,50",3,"40,85",5,53,23,1
ACB,"23,25","24,85","21,65","23,45",1.028,"23,50",891,"23,55",303,"23,60",1.949,"0,35","1,51","23,60",1.987,"23,65",1.424,"23,70",579,30.069,,
ACC,"13,30","14,20","12,40","13,00",37,"13,10",36,"13,30",57,"13,70",,"0,40","3,01","13,50",7,"13,70",42,"13,80",1,72,,
ACG,"41,55","44,45","38,65","40,90",12,"41,00",13,"41,05",5,"41,05",29,"-0,50","-1,20","41,80",7,"41,90",2,"41,95",10,430,26,
ACL,"12,00","12,80","11,20","11,70",27,"11,75",19,"11,80",1,"12,00",2,"0,00","0,00","12,00",266,"12,05",3,"12,10",21,112,20,
ADG,"12,80","13,65","11,95","12,40",1,"12,60",1,"12,70",24,"13,30",1,"0,50","3,91","13,30",5,"13,40",10,"13,45",4,12,,1
ADP,"34,00","36,35","31,65","31,85",7,"31,90",15,"31,95",5,"32,00",,"-2,00","-5,88","32,00",16,"32,30",7,"32,50",10,899,13,
ADS,"11,40","12,15","10,65","11,55",401,"11,60",48,"11,70",1,"11,70",192,"0,30","2,63","11,75",180,"11,80",103,"11,85",106,1.253,,94
AGG,"17,10","18,25","15,95","17,05",24,"17,10",4,"17,15",34,"17,15",80,"0,05","0,29","17,20",37,"17,25",31,"17,30",14,3.797,,2.116
AGM,"3,01","3,22","2,80","3,04",2,"3,10",6,"3,11",1.090,"3,11",64,"0,10","3,32","3,12",74,"3,14",10,"3,15",147,2.051,,
AGR,"16,60","17,75","15,45","17,20",491,"17,25",446,"17,30",505,"17,35",294,"0,75","4,52","17,35",27,"17,40",412,"17,45",381,21.882,473,226
ANV,"31,30","33,45","29,15","31,60",110,"31,65",146,"31,70",2,"31,70",607,"0,40","1,28","31,75",30,"31,80",42,"31,85",160,7.115,,12
APG,"10,40","11,10","9,68","10,75",235,"10,90",101,"11,00",10,"11,00",157,"0,60","5,77","11,05",15,"11,10",35,,,1.423,35,37
APH,"8,85","9,46","8,24","8,86",638,"8,87",136,"8,88",449,"8,88",560,"0,03","0,34","8,94",52,"8,95",100,"8,96",161,9.854,,
ASG,"19,50","20,85","18,15","18,90",6,"19,10",2,"19,30",6,"19,60",,"0,10","0,51","19,50",10,"19,55",2,"19,60",60,99,,
ASM,"8,81","9,42","8,20","8,81",365,"8,82",309,"8,83",73,"8,84",472,"0,03","0,34","8,84",33,"8,86",9,"8,87",10,5.872,46,503
ASP,"4,22","4,51","3,93","4,17",100,"4,20",28,"4,21",1,"4,24",1,"0,02","0,47","4,24",49,"4,25",90,"4,26",98,135,,
AST,"58,40","62,40","54,40","58,60",51,"58,70",2,"58,80",24,"58,80",,"0,40","0,68","59,80",7,"59,90",4,"60,00",34,31,10,
BAF,"18,05","19,30","16,80","17,95",193,"18,00",453,"18,05",214,"18,05",942,"0,00","0,00","18,10",9,"18,15",35,"18,20",355,13.916,768,1.783
BBC,"49,80","53,20","46,35","48,55",1,"48,70",1,"48,75",10,"49,85",,"0,05","0,10","49,85",1,"50,50",1,"50,80",1,7,,
BCE,"5,70","6,09","5,31","5,50",130,"5,51",11,"5,60",4,"5,74",2,"0,04","0,70","5,74",68,"5,75",1,"5,77",8,340,,
BCG,"6,48","6,93","6,03","6,52",711,"6,53",203,"6,54",1.290,"6,55",4.431,"0,07","1,08","6,55",367,"6,56",550,"6,57",646,82.064,1.274,2.221
BCM,"71,50","76,50","66,50","71,30",10,"71,40",5,"71,50",270,"71,50",1.306,"0,00","0,00","71,70",11,"71,80",77,"71,90",136,5.598,759,1.270
BFC,"41,80","44,70","38,90","43,45",2,"43,60",206,"43,65",161,"43,95",356,"2,15","5,14","43,95",104,"44,00",515,"44,05",50,7.793,1.008,584
BHN,"38,00","40,65","35,35","38,00",2,"38,55",1,"38,85",3,"39,00",,"1,00","2,63","39,50",1,"39,55",4,"39,85",4,16,,
BIC,"36,40","38,90","33,90","36,30",62,"36,35",25,"36,40",131,"36,80",25,"0,40","1,10","36,80",16,"37,00",2,"37,25",1,137,13,
BID,"46,00","49,20","42,80","46,60",26,"46,65",133,"46,70",143,"46,70",1.516,"0,70","1,52","46,75",1,"46,80",87,"46,85",205,10.509,388,1.836
BKG,"3,72","3,98","3,46","3,66",136,"3,67",40,"3,68",48,"3,68",2,"-0,04","-1,08","3,71",5,"3,72",19,"3,73",9,832,5,
BMC,"21,60","23,10","20,10","20,80",30,"20,90",63,"20,95",9,"20,95",21,"-0,65","-3,01","21,00",18,"21,20",1,"21,30",25,1.710,,
BMI,"23,35","24,95","21,75","23,25",218,"23,30",52,"23,35",38,"23,35",37,"0,00","0,00","23,45",17,"23,50",40,"23,55",11,1.339,61,329
BMP,"92,90","99,40","86,40","93,30",1,"93,50",64,"93,60",4,"93,70",47,"0,80","0,86","93,70",7,"93,90",15,"94,00",140,773,290,255
BRC,"12,25","13,10","11,40","11,80",4,"11,90",7,"11,95",9,"11,95",9,"-0,30","-2,45","12,25",9,"12,35",9,"12,40",4,40,,
BSI,"45,80","49,00","42,60","48,20",114,"48,25",1,"48,55",5,"48,55",769,"2,75","6,00","48,60",82,"48,65",20,"48,70",32,15.066,745,1.033
BTP,"12,70","13,55","11,85","12,60",30,"12,65",54,"12,70",15,"12,80",,"0,10","0,79","12,80",15,"12,85",5,"12,90",8,85,,
BTT,"34,00","36,35","31,65",,,,,,,,,,,"35,90",5,"36,00",15,,,,,
BVH,"42,60","45,55","39,65","42,85",500,"42,90",209,"43,00",632,"43,30",558,"0,70","1,64","43,30",133,"43,35",52,"43,40",4,4.635,543,666
BWE,"42,10","45,00","39,20","42,00",59,"42,05",21,"42,10",12,"42,10",69,"0,00","0,00","42,30",10,"42,45",3,"42,50",26,1.512,,579
C32,"17,40","18,60","16,20","17,05",102,"17,10",7,"17,20",3,"17,40",,"0,00","0,00","17,40",18,"17,50",24,"17,60",11,8,,
C47,"5,89","6,30","5,48","5,75",105,"5,78",50,"5,80",100,"5,80",18,"-0,09","-1,53","5,90",56,"5,95",25,"5,96",23,244,,
CCI,"21,00","22,45","19,55","20,00",1,"20,50",5,"21,00",9,"21,00",,"0,00","0,00","22,00",1,"22,30",2,"22,40",2,10,,
CCL,"8,36","8,94","7,78","8,49",25,"8,51",19,"8,55",297,"8,57",434,"0,21","2,51","8,57",9,"8,58",22,"8,59",11,3.846,650,89
CDC,"18,50","19,75","17,25","18,45",16,"18,50",11,"18,55",13,"18,60",13,"0,10","0,54","18,60",26,"18,65",31,"18,70",25,5.783,51,592
CHP,"34,90","37,30","32,50","34,30",10,"34,40",18,"34,50",1,"34,70",13,"-0,20","-0,57","34,70",19,"34,90",35,"34,95",29,168,,
CIG,"5,25","5,61","4,89","5,24",13,"5,25",25,"5,27",2,"5,36",1,"0,11","2,10","5,36",81,"5,37",100,"5,38",100,1.765,,
CII,"14,45","15,45","13,45","14,50",526,"14,55",22,"14,60",170,"14,65",1.808,"0,20","1,38","14,65",947,"14,70",922,"14,75",1.205,16.232,108,630
CKG,"23,80","25,45","22,15","23,70",1,"23,80",80,"23,90",23,"24,00",40,"0,20","0,84","24,00",16,"24,05",6,"24,15",7,2.199,,
CLC,"45,40","48,55","42,25","43,90",6,"44,00",1,"44,10",1,"44,20",,"-1,20","-2,64","44,20",25,"44,35",20,"44,40",10,133,,
CLL,"41,95","44,85","39,05","39,50",37,"39,60",30,"39,65",9,"41,95",,"0,00","0,00","41,95",8,"42,00",7,"42,50",8,65,7,
CLW,"49,20","52,60","45,80",,,,,,,,,,,,,,,,,,,
CMG,"48,70","52,10","45,30","50,50",238,"50,60",95,"50,70",49,"50,80",401,"2,10","4,31","50,80",158,"50,90",253,"51,00",602,10.078,3.635,2.761
CMV,"9,90","10,55","9,21","9,51",1,"9,52",20,"9,53",1,,,,,"10,00",1,"10,10",2,"10,20",10,,,
CMX,"8,40","8,98","7,82","8,49",78,"8,50",20,"8,52",40,"8,54",573,"0,14","1,67","8,54",55,"8,55",2,"8,56",6,4.812,1.730,356
CNG,"35,65","38,10","33,20","35,50",17,"35,60",64,"35,65",25,"35,70",200,"0,05","0,14","35,70",4,"35,75",18,"35,80",51,2.053,,208
COM,"28,90","30,90","26,90",,,"27,00",2,"27,05",1,"30,60",,"1,70","5,88","30,45",8,"30,50",7,"30,60",1,2,,
CRC,"6,62","7,08","6,16","6,60",5,"6,61",10,"6,62",8,"6,62",27,"0,00","0,00","6,67",17,"6,68",30,"6,70",30,259,,
CRE,"7,03","7,52","6,54","6,96",30,"6,97",14,"6,98",17,"7,01",15,"-0,02","-0,28","7,01",8,"7,02",11,"7,03",47,717,,3
CSM,"12,80","13,65","11,95","12,55",13,"12,60",34,"12,65",36,"12,65",48,"-0,15","-1,17","12,75",66,"12,80",73,"12,85",5,959,,51
CSV,"36,50","39,05","33,95","36,95",83,"37,00",28,"37,10",1,"37,15",911,"0,65","1,78","37,15",164,"37,20",189,"37,30",95,9.403,133,487
CTD,"60,50","64,70","56,30","61,10",35,"61,20",63,"61,30",256,"61,30",314,"0,80","1,32","61,40",11,"61,50",50,"61,60",80,3.787,26,502
CTF,"30,15","32,25","28,05","29,65",2,"29,70",3,"29,80",3,"30,00",305,"-0,15","-0,50","30,00",77,"30,05",11,"30,10",108,2.393,27,285
CTG,"30,20","32,30","28,10","31,35",10,"31,40",67,"31,45",20,"31,50",3.963,"1,30","4,30","31,50",879,"31,55",78,"31,60",414,71.799,40.468,971
CTI,"15,85","16,95","14,75","15,75",37,"15,80",412,"15,85",120,"15,85",87,"0,00","0,00","16,00",47,"16,05",22,"16,10",70,524,11,23
CTR,"117,90","126,10","109,70","122,60",6,"122,70",14,"122,90",29,"122,90",175,"5,00","4,24","123,00",161,"123,10",21,"123,20",2,3.681,1.039,316
CTS,"34,95","37,35","32,55","36,00",841,"36,05",144,"36,10",465,"36,10",1.379,"1,15","3,29","36,30",200,"36,40",4,"36,45",107,29.330,1.115,25
CVT,"26,65","28,50","24,80","25,10",3,"25,20",2,"25,25",1,"26,00",1,"-0,65","-2,44","27,80",1,"27,90",1,"27,95",1,39,,
D2D,"39,25","41,95","36,55","39,70",3,"39,80",12,"39,90",3,"41,10",19,"1,85","4,71","41,10",4,"41,15",1,"41,20",12,95,3,20
DAG,"1,78","1,90","1,66",,,"1,66",1.141,"1,67",315,"1,67",361,"-0,11","-6,18","1,68",58,"1,71",1,"1,74",52,6.119,,
DAH,"3,37","3,60","3,14","3,34",10,"3,35",143,"3,36",143,"3,37",14,"0,00","0,00","3,37",115,"3,38",34,"3,39",60,840,,
DAT,"7,84","8,38","7,30","7,77",2,"7,78",1,"7,79",1,"7,96",2,"0,12","1,53","7,97",1,"7,98",1,"7,99",1,12,,
DBC,"27,00","28,85","25,15","27,15",950,"27,20",1.559,"27,25",188,"27,30",2.919,"0,30","1,11","27,30",86,"27,35",89,"27,40",780,43.926,832,500
DBD,"40,10","42,90","37,30","40,50",26,"40,55",25,"40,60",6,"41,30",44,"1,20","2,99","41,30",13,"41,35",3,"41,40",13,1.633,872,11
DBT,"11,90","12,70","11,10","11,30",147,"11,90",36,"12,00",1,"12,25",,"0,35","2,94","12,25",13,"12,30",36,"12,50",16,26,,
DC4,"10,35","11,05","9,63","10,35",261,"10,40",174,"10,45",17,"10,45",12,"0,10","0,97","10,55",74,"10,60",138,"10,65",95,915,,6
DCL,"25,05","26,80","23,30","25,10",13,"25,15",13,"25,20",10,"25,40",800,"0,35","1,40","25,40",21,"25,45",20,"25,50",223,3.114,,
DCM,"35,70","38,15","33,25","36,20",157,"36,25",458,"36,30",753,"36,30",1.861,"0,60","1,68","36,35",9,"36,40",749,"36,45",489,34.044,480,143
DGC,"104,00","111,20","96,80","106,20",5,"106,30",27,"106,40",60,"106,50",2.269,"2,50","2,40","106,50",491,"106,60",276,"106,70",201,20.294,3.935,1.036
DGW,"55,90","59,80","52,00","58,10",294,"58,20",84,"58,30",26,"58,40",806,"2,50","4,47","58,40",316,"58,50",646,"58,60",231,21.383,7.158,826
DHA,"39,90","42,65","37,15","39,90",26,"39,95",2,"40,00",15,"40,05",2,"0,15","0,38","40,10",2,"40,15",3,"40,40",6,173,1,100
DHC,"36,90","39,45","34,35","37,20",50,"37,30",52,"37,35",7,"37,40",16,"0,50","1,36","37,40",22,"37,45",1,"37,50",164,836,,19
DHG,"107,40","114,90","99,90","107,20",1,"107,30",1,"107,50",13,"107,80",7,"0,40","0,37","108,10",10,"108,20",6,"108,30",3,98,17,6
DHM,"9,19","9,83","8,55","8,86",5,"8,90",9,"8,92",5,"9,13",,"-0,06","-0,65","9,13",30,"9,14",10,"9,15",70,264,,
DIG,"22,90","24,50","21,30","23,05",262,"23,10",275,"23,15",1.361,"23,15",6.672,"0,25","1,09","23,20",1.340,"23,25",604,"23,30",2.152,67.663,16,200
DLG,"1,97","2,10","1,84","1,91",320,"1,92",235,"1,93",354,"1,93",830,"-0,04","-2,03","1,94",91,"1,95",200,"1,96",472,55.479,43,937
DMC,"69,80","74,60","65,00","65,00",3,"66,10",10,"66,50",4,,,,,"69,80",2,"70,00",13,"71,00",5,,,
DPG,"47,90","51,20","44,55","48,60",37,"48,65",10,"48,70",8,"48,70",281,"0,80","1,67","48,75",1,"48,80",26,"48,85",27,6.865,154,54
DPM,"34,75","37,15","32,35","35,65",23,"35,70",774,"35,75",91,"35,75",748,"1,00","2,88","35,80",136,"35,85",423,"35,90",1.186,32.018,5.003,620
DPR,"39,15","41,85","36,45","39,50",18,"39,55",40,"39,60",13,"39,60",38,"0,45","1,15","39,70",6,"39,75",11,"39,80",45,2.021,60,43
DQC,"13,45","14,35","12,55","13,40",21,"13,45",5,"13,50",25,"13,55",9,"0,10","0,74","13,55",1,"13,65",18,"13,70",29,59,,
DRC,"32,00","34,20","29,80","32,80",120,"32,85",14,"32,95",100,"32,95",292,"0,95","2,97","33,00",50,"33,05",388,"33,10",37,3.484,172,54
DRH,"2,42","2,58","2,26","2,40",234,"2,41",55,"2,42",36,"2,42",168,"0,00","0,00","2,43",13,"2,44",297,"2,45",204,744,,14
DRL,"63,40","67,80","59,00","64,00",17,"64,50",5,"64,80",6,"65,40",,"2,00","3,15","65,40",16,"65,80",40,"65,90",10,352,,
DSE,"24,70","26,40","23,00","25,25",60,"25,30",236,"25,35",272,"25,35",272,"0,65","2,63","25,40",18,"25,45",226,"25,50",211,3.825,,203
DSN,"54,50","58,30","50,70","54,30",3,"54,50",37,"54,60",3,"54,60",4,"0,10","0,18","55,00",9,"55,10",3,"55,20",2,44,,
DTA,"3,92","4,19","3,65","3,90",29,"3,91",2,"3,92",2,"3,99",,"0,07","1,79","3,99",11,"4,00",11,"4,02",3,48,,
DTL,"13,30","14,20","12,40",,,,,"12,80",3,"13,00",,"-0,30","-2,26","13,00",2,"13,90",9,"14,00",50,3,,
DTT,"19,55","20,05","17,45",,,,,"17,50",1,,,,,,,,,,,,,
DVP,"75,40","80,60","70,20","74,00",10,"74,50",11,"74,70",4,"75,50",,"0,10","0,13","75,80",10,"75,90",14,"76,00",19,8,,5
DXG,"13,00","13,90","12,10","13,15",1.084,"13,20",1.070,"13,25",645,"13,30",3.087,"0,30","2,31","13,30",112,"13,35",1.647,"13,40",1.661,40.480,1.799,546
DXS,"5,50","5,88","5,12","5,56",62,"5,57",148,"5,58",94,"5,58",452,"0,08","1,45","5,59",196,"5,60",546,"5,61",13,3.735,42,
DXV,"4,59","4,91","4,27",,,,,,,"4,27",,"FL-0,32","-6,97","4,27",596,"4,90",1,"4,91",97,90,,
EIB,"18,35","19,60","17,10","18,25",1.516,"18,30",2.555,"18,35",366,"18,35",40.897,"0,00","0,00","18,40",684,"18,45",1.634,"18,50",1.523,55.328,,234
ELC,"22,55","24,10","21,00","23,10",156,"23,15",55,"23,35",62,"23,40",1.208,"0,85","3,77","23,40",389,"23,45",69,"23,50",312,7.760,948,189
EVE,"12,40","13,25","11,55","12,30",234,"12,35",148,"12,40",216,"12,55",26,"0,15","1,21","12,55",7,"12,60",51,"12,65",11,309,26,
EVF,"11,65","12,45","10,85","11,65",915,"11,70",644,"11,75",75,"11,75",1.969,"0,10","0,86","11,80",1.155,"11,85",894,"11,90",1.580,26.730,488,4.837
EVG,"5,90","6,31","5,49","6,05",75,"6,06",20,"6,07",2,"6,10",5.624,"0,20","3,39","6,10",162,"6,11",58,"6,12",649,17.896,175,58
FCM,"3,26","3,48","3,04","3,23",50,"3,24",50,"3,28",2,"3,38",30,"0,12","3,68","3,38",167,"3,39",1,"3,40",1,496,,
FCN,"12,25","13,10","11,40","12,15",280,"12,20",185,"12,25",93,"12,25",268,"0,00","0,00","12,30",227,"12,35",228,"12,40",88,2.082,,499
FDC,"13,10","14,00","12,20",,,,,"12,25",1,,,,,"13,95",4,,,,,,,
FIR,"6,66","7,12","6,20","6,57",14,"6,60",30,"6,62",32,"6,64",163,"-0,02","-0,30","6,64",56,"6,65",176,"6,66",91,1.509,,11
FIT,"4,22","4,51","3,93","4,21",131,"4,22",105,"4,23",100,"4,25",173,"0,03","0,71","4,25",140,"4,26",9,"4,27",18,5.222,,
FMC,"47,00","50,20","43,75","47,10",3,"47,30",3,"47,50",9,"47,55",,"0,55","1,17","47,55",3,"47,60",1,"47,70",20,122,2,33
FPT,"121,40","129,80","113,00","126,70",35,"126,80",23,"126,90",31,"126,90",2.849,"5,50","4,53","127,00",1.250,"127,10",106,"127,20",22,54.964,25.920,13.161
FRT,"169,50","181,30","157,70","172,60",8,"172,70",29,"172,80",16,"172,90",700,"3,40","2,01","172,90",72,"173,00",269,"173,10",10,6.275,1.369,2.608
FTS,"38,40","41,05","35,75","40,90",399,"40,95",857,"41,00",144,"41,05",5.164,"CE2,65","6,90","41,05",1.692,,,,,55.256,4.054,197
FUCTVGF3,"13,55","14,45","12,65",,,,,,,,,,,,,,,,,,,
FUCTVGF4,"13,70","14,65","12,75",,,,,,,,,,,,,,,,,,,
FUCTVGF5,"10,20","10,90","9,49",,,,,,,,,,,,,,,,,,,
FUCVREIT,"6,00","6,42","5,58","6,00",21,"6,05",5,"6,06",1,"6,28",1,"0,28","4,67","6,28",12,"6,29",10,"6,31",20,2,,
GAS,"81,70","87,40","76,00","81,30",245,"81,40",145,"81,50",141,"81,60",1.478,"-0,10","-0,12","81,60",373,"81,70",693,"81,80",1.285,12.439,2.045,1.673
GDT,"28,40","30,35","26,45","28,20",11,"28,25",5,"28,30",2,"28,50",3,"0,10","0,35","28,50",330,"28,60",10,"28,70",43,160,,8
GEG,"13,85","14,80","12,90","13,90",323,"13,95",181,"14,00",196,"14,05",203,"0,20","1,44","14,05",18,"14,10",36,"14,15",110,5.554,30,19
GEX,"20,80","22,25","19,35","21,30",2,"21,35",132,"21,40",587,"21,45",6.975,"0,65","3,13","21,45",598,"21,50",3.812,"21,55",29,56.462,2.142,1.044
GIL,"28,80","30,80","26,80","29,00",129,"29,05",43,"29,10",157,"29,10",258,"0,30","1,04","29,15",7,"29,20",79,"29,25",4,1.389,2,
GMC,"8,51","9,10","7,92","8,05",1,"8,15",10,"8,20",1,,,,,"8,74",4,"8,75",5,"8,78",10,,,
GMD,"76,50","81,80","71,20","76,90",132,"77,00",805,"77,10",652,"77,10",376,"0,60","0,78","77,30",31,"77,40",19,"77,50",127,6.939,3.653,2.899
GMH,"8,60","9,20","8,00","8,12",1,"8,13",31,"8,20",3,"8,86",1,"0,26","3,02","8,87",2,"8,88",14,"8,90",8,1,,
GSP,"12,60","13,45","11,75","12,50",104,"12,55",560,"12,60",2,"12,60",143,"0,00","0,00","12,65",50,"12,70",178,"12,75",194,849,,
GTA,"10,60","11,30","9,86","9,96",2,"10,05",1,"10,50",4,"10,50",1,"-0,10","-0,94","10,70",53,"11,00",8,"11,20",1,8,,
GVR,"31,90","34,10","29,70","32,40",1.904,"32,45",138,"32,50",865,"32,50",1.720,"0,60","1,88","32,55",100,"32,60",946,"32,65",1.625,29.281,534,1.167
HAG,"10,75","11,50","10,00","10,35",1.096,"10,40",3.435,"10,45",1.851,"10,45",6.404,"-0,30","-2,79","10,50",40,"10,55",900,"10,60",1.658,122.433,10.095,2.364
HAH,"39,55","42,30","36,80","40,00",234,"40,05",661,"40,10",416,"40,15",3.309,"0,60","1,52","40,15",93,"40,20",371,"40,25",277,30.565,3.128,444
HAP,"4,11","4,39","3,83","4,10",47,"4,11",90,"4,12",25,"4,18",2,"0,07","1,70","4,18",10,"4,19",172,"4,20",18,217,5,1
HAR,"3,77","4,03","3,51","3,73",7,"3,74",3,"3,75",61,"3,79",20,"0,02","0,53","3,79",6,"3,80",145,"3,81",78,611,,5
HAS,"9,00","9,63","8,37","8,50",60,"8,80",5,"9,00",5,"9,50",1,"0,50","5,56","9,50",19,"9,57",1,"9,58",3,1,,
HAX,"15,40","16,45","14,35","15,45",61,"15,50",219,"15,55",66,"15,65",169,"0,25","1,62","15,65",214,"15,70",141,"15,75",161,4.534,87,173
HBC,"5,00","5,35","4,65","4,95",500,"4,96",559,"4,97",123,"4,97",1.616,"-0,03","-0,60","5,00",51,"5,01",510,"5,02",10,23.131,135,3.509
HCD,"9,60","10,25","8,93","9,54",76,"9,55",21,"9,58",3,"9,65",202,"0,05","0,52","9,65",4,"9,70",137,"9,75",52,3.941,,215
HCM,"24,30","26,00","22,60","25,30",259,"25,35",120,"25,40",483,"25,45",1.934,"1,15","4,73","25,45",1.208,"25,50",2.950,"25,55",1.603,85.124,3.448,206
HDB,"24,95","26,65","23,25","25,40",1.101,"25,45",4.247,"25,50",84,"25,50",1.301,"0,55","2,20","25,55",1,"25,60",697,"25,65",1.455,52.393,10.278,5.951
HDC,"26,70","28,55","24,85","26,95",79,"27,00",84,"27,10",30,"27,15",311,"0,45","1,69","27,15",111,"27,20",169,"27,25",361,9.170,261,65
HDG,"25,75","27,55","23,95","26,20",5.565,"26,25",5.138,"26,30",5.051,"26,35",1.972,"0,60","2,33","26,35",237,"26,40",970,"26,45",607,33.832,737,943
HHP,"9,29","9,94","8,64","9,27",4,"9,28",13,"9,29",4,"9,30",111,"0,01","0,11","9,30",162,"9,36",72,"9,39",28,1.750,45,13
HHS,"8,61","9,21","8,01","8,56",260,"8,59",21,"8,60",10,"8,61",958,"0,00","0,00","8,61",293,"8,62",544,"8,65",6,69.701,3.224,576
HHV,"10,75","11,50","10,00","10,75",2.793,"10,80",103,"10,85",6,"10,90",2.650,"0,15","1,40","10,90",822,"10,95",553,"11,00",1.689,30.744,240,5.729
HID,"2,72","2,91","2,53","2,65",12,"2,66",8,"2,67",11,"2,69",46,"-0,03","-1,10","2,69",12,"2,70",30,"2,71",55,426,,
HII,"4,89","5,23","4,55","4,83",106,"4,84",22,"4,85",12,"4,85",113,"-0,04","-0,82","4,86",20,"4,90",9,"4,91",197,1.206,16,44
HMC,"11,65","12,45","10,85","11,35",11,"11,40",5,"11,50",3,"11,65",,"0,00","0,00","11,65",5,"11,70",17,"11,80",12,62,,
HNA,"26,10","27,90","24,30","24,65",3,"25,00",5,"25,40",5,"26,40",,"0,30","1,15","26,40",11,"26,50",20,,,395,,
HNG,"4,20","4,49","3,91","4,06",232,"4,07",542,"4,08",120,"4,08",1.801,"-0,12","-2,86","4,11",50,"4,12",202,"4,13",11,33.173,10,3.639
HPG,"25,60","27,35","23,85","25,90",2.365,"25,95",1.294,"26,00",3.541,"26,05",4.327,"0,45","1,76","26,05",956,"26,10",1.921,"26,15",1.879,121.232,12.330,17.399
HPX,"5,04","5,39","4,69","5,10",629,"5,11",240,"5,15",146,"5,15",372,"0,11","2,18","5,17",17,"5,18",201,"5,19",530,17.038,2.058,252
HQC,"3,54","3,78","3,30","3,47",1.373,"3,48",1.983,"3,49",161,"3,49",1.994,"-0,05","-1,41","3,50",2,"3,51",41,"3,52",632,23.122,,102
HRC,"45,40","48,55","42,25",,,,,,,"42,30",1,"-3,10","-6,83","43,50",1,"44,00",1,"44,80",1,3,,
HSG,"20,60","22,00","19,20","20,75",1.068,"20,80",1.848,"20,85",1.963,"20,85",6.099,"0,25","1,21","20,90",38,"20,95",100,"21,00",2.331,51.423,2.074,6.535
HSL,"4,96","5,30","4,62","4,95",3,"4,96",17,"4,97",20,"4,99",65,"0,03","0,60","4,99",7,"5,00",3,"5,01",1,676,,
HT1,"11,90","12,70","11,10","11,85",262,"11,90",97,"11,95",4,"12,00",105,"0,10","0,84","12,00",45,"12,05",54,"12,10",65,2.247,,1.076
HTG,"42,30","45,25","39,35","42,00",8,"42,05",1,"42,20",1,"42,40",,"0,10","0,24","42,30",10,"42,40",6,"42,70",14,85,,
HTI,"15,70","16,75","14,65","15,60",11,"15,65",15,"15,70",1,"15,70",,"0,00","0,00","15,75",2,"15,80",24,"15,85",8,30,29,
HTL,"17,75","18,95","16,55","17,90",4,"17,95",16,"18,00",5,"18,20",,"0,45","2,54","18,80",1,"18,85",31,"18,95",13,17,5,
HTN,"9,28","9,92","8,64","9,27",3,"9,28",38,"9,30",26,"9,30",408,"0,02","0,22","9,31",5,"9,32",1,"9,35",7,2.882,12,61
HTV,"9,69","10,00","8,74","9,03",3,"9,04",2,"9,05",2,"9,05",,"-0,64","-6,60","9,40",1,"9,44",3,"9,45",7,74,,
HU1,"6,54","6,67","5,81","5,92",30,"6,24",10,"6,25",10,"6,52",1,"-0,02","-0,31","6,53",2,"6,54",1,"6,65",4,1,,
HUB,"17,40","18,60","16,20","17,30",5,"17,35",25,"17,40",1,"17,45",2,"0,05","0,29","17,45",28,"17,50",59,"17,55",10,231,,
HVH,"8,40","8,98","7,82","8,18",35,"8,19",15,"8,20",241,"8,20",603,"-0,20","-2,38","8,34",19,"8,35",22,"8,36",89,7.248,12,975
HVN,"19,95","21,30","18,60","18,95",937,"19,00",3.776,"19,05",560,"19,05",7.506,"-0,90","-4,51","19,15",166,"19,20",249,"19,25",161,76.586,1.896,8.990
HVX,"2,55","2,72","2,38","2,52",16,"2,53",4,"2,55",1,"2,55",12,"0,00","0,00","2,64",14,"2,65",106,"2,72",39,25,,
ICT,"12,80","13,65","11,95","12,55",41,"12,60",128,"12,65",22,"12,80",50,"0,00","0,00","12,80",10,"12,85",8,"12,90",21,405,,
IDI,"8,97","9,59","8,35","9,01",26,"9,03",12,"9,05",10,"9,10",1.114,"0,13","1,45","9,10",160,"9,12",39,"9,14",1,4.828,2,
IJC,"13,65","14,60","12,70","13,85",440,"13,90",458,"13,95",243,"13,95",533,"0,30","2,20","14,00",744,"14,05",947,"14,10",1.616,16.020,,303
ILB,"34,00","36,35","31,65","34,15",5,"34,20",5,"34,30",5,"34,60",5,"0,60","1,76","34,60",15,"34,70",2,"34,80",103,99,46,4
IMP,"82,50","88,20","76,80","81,50",18,"81,60",5,"81,70",21,"82,20",3,"-0,30","-0,36","82,20",12,"82,30",2,"82,40",10,424,,80
ITA,"3,62","3,87","3,37","3,56",320,"3,57",33,"3,58",35,"3,58",303,"-0,04","-1,10","3,59",45,"3,60",1.121,"3,61",55,5.432,211,1.316
ITC,"10,50","11,20","9,77","10,55",316,"10,60",220,"10,65",50,"10,70",88,"0,20","1,90","10,70",92,"10,75",131,"10,80",156,2.036,,
ITD,"12,65","13,50","11,80","12,65",32,"12,70",91,"12,75",10,"12,75",28,"0,10","0,79","12,90",1,"13,00",40,"13,10",1,342,34,176
JVC,"3,33","3,56","3,10","3,30",403,"3,31",32,"3,32",4,"3,32",42,"-0,01","-0,30","3,34",200,"3,35",100,"3,36",47,1.045,16,79
KBC,"24,35","26,05","22,65","25,05",1.335,"25,10",169,"25,15",10,"25,20",1.317,"0,85","3,49","25,20",362,"25,25",261,"25,30",354,31.973,6.869,140
KDC,"55,00","58,80","51,20","55,30",59,"55,40",28,"55,50",32,"55,50",104,"0,50","0,91","55,60",20,"56,00",34,"56,10",30,7.951,,1.731
KDH,"35,25","37,70","32,80","35,40",21,"35,50",40,"35,60",58,"35,65",2.064,"0,40","1,13","35,65",141,"35,70",438,"35,75",532,10.593,3.994,3.337
KHG,"5,24","5,60","4,88","5,21",40,"5,22",18,"5,23",18,"5,23",4.049,"-0,01","-0,19","5,24",1.258,"5,25",2.161,"5,26",628,20.702,,
KHP,"9,72","10,40","9,04","9,72",40,"9,73",46,"9,74",5,"9,80",11,"0,08","0,82","9,80",22,"9,82",11,"9,83",5,562,,
KMR,"3,37","3,60","3,14","3,36",7,"3,37",41,"3,38",2,"3,39",1,"0,02","0,59","3,39",99,"3,40",37,"3,41",50,18,,
KOS,"39,35","42,10","36,60","39,20",30,"39,35",37,"39,40",32,"39,40",,"0,05","0,13","39,50",12,"39,60",15,"39,70",12,3.131,,101
KPF,"2,32","2,48","2,16","2,23",1,"2,24",8,"2,25",51,"2,29",,"-0,03","-1,29","2,29",4,"2,30",23,"2,31",11,790,,
KSB,"18,45","19,70","17,20","18,45",313,"18,50",374,"18,55",34,"18,55",796,"0,10","0,54","18,65",42,"18,70",81,"18,75",125,8.832,70,867
L10,"17,55","18,75","16,35",,,"16,40",20,"18,75",32,"18,75",,"CE1,20","6,84",,,,,,,1,,
LAF,"16,05","17,15","14,95","16,00",5,"16,10",28,"16,20",1,"16,70",1,"0,65","4,05","16,70",2,"17,00",33,"17,15",22,30,,
LBM,"26,75","28,60","24,90","26,20",12,"26,25",1,"26,30",3,"26,80",,"0,05","0,19","26,70",1,"26,75",1,"26,80",10,82,1,1
LCG,"10,40","11,10","9,68","10,25",510,"10,30",1.035,"10,35",207,"10,40",1.051,"0,00","0,00","10,40",109,"10,45",334,"10,50",1.589,11.252,,20
LDG,"1,94","2,07","1,81","1,92",893,"1,93",564,"1,94",117,"1,95",1.432,"0,01","0,52","1,95",62,"1,96",74,"1,97",68,30.716,591,402
LEC,"5,82","6,22","5,42",,,,,"5,42",2,,,,,"6,21",5,"6,22",2,,,,,
LGC,"60,00","64,20","55,80",,,,,"55,80",1,,,,,"57,90",1,"58,50",1,"60,00",5,,,
LGL,"2,63","2,81","2,45","2,61",24,"2,62",5,"2,63",2,"2,65",143,"0,02","0,76","2,65",211,"2,68",39,"2,69",171,657,,
LHG,"39,00","41,70","36,30","38,75",9,"38,80",26,"39,00",1,"39,15",268,"0,15","0,38","39,15",55,"39,20",52,"39,30",15,1.192,100,184
LIX,"36,50","39,05","33,95","36,45",1,"36,50",33,"36,55",2,"36,55",6,"0,05","0,14","36,75",29,"36,80",32,"36,85",1,441,6,14
LM8,"16,00","17,10","14,90",,,,,,,,,,,"16,00",22,"16,05",1,"16,20",18,,,
LPB,"28,35","30,30","26,40","28,30",3.238,"28,35",2.579,"28,40",1.432,"28,40",3.209,"0,05","0,18","28,45",10,"28,50",32,"28,55",215,30.754,662,7.337
LSS,"11,50","12,30","10,70","11,45",103,"11,50",203,"11,55",178,"11,60",176,"0,10","0,87","11,60",786,"11,65",106,"11,70",522,2.878,,
MBB,"23,05","24,65","21,45","23,35",6.029,"23,40",12.406,"23,45",3.479,"23,45",5.882,"0,40","1,74","23,50",5.046,"23,55",2.259,"23,60",2.936,84.704,952,506
MCM,"37,30","39,90","34,70","37,30",51,"37,35",14,"37,40",10,"37,50",5,"0,20","0,54","37,50",5,"37,60",100,"37,65",8,419,,25
MCP,"30,90","33,05","28,75",,,"28,75",3,"28,80",10,"30,90",,"0,00","0,00","30,90",8,"31,00",8,"31,50",26,57,,
MDG,"11,70","12,50","10,90",,,,,,,,,,,"12,50",6,,,,,,,
MHC,"7,98","8,53","7,43","7,82",103,"7,85",1,"7,90",802,"8,15",,"0,17","2,13","8,16",4,"8,17",4,"8,18",4,26,,
MIG,"17,75","18,95","16,55","18,20",33,"18,25",21,"18,30",14,"18,30",206,"0,55","3,10","18,35",73,"18,40",21,"18,45",66,3.983,399,374
MSB,"13,90","14,85","12,95","13,95",850,"14,00",1.434,"14,05",748,"14,10",1.550,"0,20","1,44","14,10",1.464,"14,15",1.596,"14,20",1.365,36.574,5.939,150
MSH,"47,50","50,80","44,20","47,55",10,"47,60",1,"47,70",7,"47,90",43,"0,40","0,84","47,90",22,"47,95",21,"48,00",71,1.357,9,32
MSN,"74,50","79,70","69,30","74,90",104,"75,00",506,"75,10",362,"75,20",5.776,"0,70","0,94","75,20",1.394,"75,30",944,"75,40",509,39.658,11.412,6.683
MWG,"62,40","66,70","58,10","65,30",778,"65,40",1.447,"65,50",855,"65,60",6.526,"3,20","5,13","65,60",498,"65,70",1.977,"65,80",5.075,175.181,43.177,20.628
NAB,"14,45","15,45","13,45","14,75",319,"14,80",110,"14,85",152,"14,90",108,"0,45","3,11","14,90",170,"14,95",582,"15,00",1.128,22.392,1.619,1.273
NAF,"17,40","18,60","16,20","17,00",40,"17,05",41,"17,10",5,"17,40",,"0,00","0,00","17,40",128,"17,50",131,"17,60",70,192,,30
NAV,"18,15","19,40","16,90","17,70",5,"17,80",4,"17,90",16,"18,15",,"0,00","0,00","18,15",6,"18,35",8,"18,40",5,23,,
NBB,"23,00","24,60","21,40","22,60",3,"22,65",8,"22,85",4,"22,90",,"-0,10","-0,43","22,90",39,"22,95",31,"23,00",67,553,,6
NCT,"95,00","101,60","88,40","95,00",2,"95,10",3,"95,20",5,"96,10",,"1,10","1,16","96,40",1,"96,50",6,"96,90",6,58,25,
NHA,"23,55","25,15","21,95","23,05",136,"23,10",321,"23,15",65,"23,20",653,"-0,35","-1,49","23,20",66,"23,25",89,"23,30",57,13.053,2.262,248
NHH,"15,70","16,75","14,65","15,85",53,"15,90",35,"16,00",20,"16,10",22,"0,40","2,55","16,10",65,"16,15",57,"16,20",63,655,55,2
NHT,"11,25","12,00","10,50","10,80",2,"11,05",13,"11,30",6,"11,30",,"0,05","0,44","11,70",5,"11,75",5,"11,80",8,18,,
NKG,"20,80","22,25","19,35","21,10",990,"21,15",102,"21,20",299,"21,25",3.459,"0,45","2,16","21,25",118,"21,30",798,"21,35",410,29.535,404,33
NLG,"38,10","40,75","35,45","38,50",10,"38,55",21,"38,90",60,"39,00",1.329,"0,90","2,36","39,00",382,"39,05",100,"39,10",232,8.347,1.028,3.655
NNC,"22,30","23,85","20,75","21,85",3,"21,90",1,"22,00",1,"22,35",12,"0,05","0,22","22,35",20,"22,40",21,"22,50",9,63,,
NO1,"6,69","7,15","6,23","6,67",10,"6,68",20,"6,69",1,"6,70",1,"0,01","0,15","6,70",97,"6,72",136,"6,78",15,498,,
NSC,"75,80","81,10","70,50","75,30",20,"75,40",20,"75,50",88,"75,80",,"0,00","0,00","75,80",11,"75,90",2,"76,00",5,13,13,
NT2,"19,65","21,00","18,30","19,75",145,"19,80",18,"19,85",13,"19,85",211,"0,20","1,02","19,90",823,"19,95",94,"20,00",400,2.181,186,47
NTL,"22,50","24,05","20,95","23,10",33,"23,15",393,"23,20",27,"23,20",579,"0,70","3,11","23,30",27,"23,35",2,"23,40",529,17.436,5.055,1.462
NVL,"11,40","12,15","10,65","11,30",4.990,"11,35",1.949,"11,40",851,"11,40",3.135,"0,00","0,00","11,45",1.507,"11,50",1.955,"11,55",2.606,76.292,1.348,10.552
NVT,"8,34","8,92","7,76","7,84",28,"7,90",22,"7,91",2,"8,30",,"-0,04","-0,48","8,40",1,"8,44",21,"8,48",10,25,9,
OCB,"14,30","15,30","13,30","14,30",2.044,"14,35",1.084,"14,40",948,"14,45",2.933,"0,15","1,05","14,45",93,"14,50",7.854,"14,55",1.154,11.799,542,2.714
OGC,"4,98","5,32","4,64","4,87",215,"4,88",127,"4,89",5,"4,89",235,"-0,09","-1,81","4,92",10,"4,93",33,"4,94",99,2.880,69,45
OPC,"23,90","25,55","22,25","22,90",11,"23,00",22,"23,05",1,"23,90",1,"0,00","0,00","23,95",2,"24,00",15,"25,00",2,90,,
ORS,"12,20","13,05","11,35","12,50",2.228,"12,55",1.070,"12,60",106,"12,65",467,"0,45","3,69","12,65",1.039,"12,70",1.167,"12,75",1.128,26.874,292,1.735
PAC,"42,50","45,45","39,55","41,50",13,"41,60",24,"41,65",10,"42,50",43,"0,00","0,00","42,50",69,"42,80",1,"42,85",7,127,,9
PAN,"21,90","23,40","20,40","22,05",119,"22,10",239,"22,15",26,"22,15",326,"0,25","1,14","22,20",182,"22,25",114,"22,30",67,6.718,262,151
PC1,"27,40","29,30","25,50","27,85",264,"27,90",135,"27,95",286,"27,95",1.028,"0,55","2,01","28,00",35,"28,10",42,"28,15",89,20.456,411,50
PDN,"117,00","125,10","108,90",,,"114,00",28,"115,00",14,"118,00",1,"1,00","0,85","118,00",1,"119,00",12,"120,00",1,12,,
PDR,"17,30","18,50","16,10","17,55",1.015,"17,60",1,"17,65",10,"17,70",7.629,"0,40","2,31","17,70",659,"17,75",640,"17,80",2.375,79.481,11.852,10.373
PET,"25,80","27,60","24,00","26,05",19,"26,10",120,"26,20",182,"26,20",469,"0,40","1,55","26,25",65,"26,30",5,"26,35",29,10.719,,
PGC,"14,30","15,30","13,30","14,15",82,"14,20",108,"14,25",6,"14,30",1,"0,00","0,00","14,30",98,"14,35",117,"14,50",4,169,,1
PGD,"32,90","35,20","30,60","32,50",10,"32,80",1,"32,90",18,"33,30",,"0,40","1,22","33,40",2,"33,50",1,"33,60",5,43,,
PGI,"24,20","25,85","22,55","23,10",1,"23,20",1,"23,60",8,,,,,"24,15",28,"24,20",28,"24,90",9,,,
PGV,"22,15","23,70","20,60","21,40",63,"21,50",93,"21,60",13,"21,60",77,"-0,55","-2,48","22,10",1,"22,15",9,"22,20",67,159,1,
PHC,"5,93","6,34","5,52","5,83",5,"5,85",42,"5,86",10,"5,90",10,"-0,03","-0,51","5,90",164,"5,96",10,"5,97",34,254,,1
PHR,"54,70","58,50","50,90","55,30",10,"55,60",4,"55,70",6,"55,80",100,"1,10","2,01","55,80",37,"56,00",88,"56,10",7,1.360,3,55
PIT,"5,95","6,36","5,54","5,61",3,"5,62",12,"5,63",1,"5,63",3,"-0,32","-5,38","6,05",23,"6,09",38,"6,10",18,93,,
PJT,"10,60","11,30","9,86","9,95",1,"10,00",5,"10,30",1,"10,60",,"0,00","0,00","10,90",1,"11,10",50,"11,20",74,2,,
PLP,"4,83","5,16","4,50","4,65",5,"4,66",1,"4,80",5,"4,83",23,"0,00","0,00","4,83",14,"4,84",2,"4,85",56,190,,10
PLX,"47,55","50,80","44,25","47,75",65,"47,80",47,"47,85",1,"48,00",2.170,"0,45","0,95","48,00",1.242,"48,05",43,"48,10",44,13.973,1.142,1.644
PMG,"7,90","8,45","7,35","7,50",5,"7,60",1,"7,70",2,"7,80",1,"-0,10","-1,27","7,99",1,"8,00",7,"8,34",1,1,,
PNC,"10,25","10,95","9,54","9,60",2,"9,70",1,"9,80",1,,,,,"10,25",12,"10,50",6,"10,90",2,,,
PNJ,"94,30","100,90","87,70","95,20",26,"95,30",56,"95,40",6,"95,60",578,"1,30","1,38","95,60",44,"95,70",89,"95,80",84,4.152,137,
POW,"13,80","14,75","12,85","13,75",229,"13,80",1.259,"13,85",2.122,"13,85",3.984,"0,05","0,36","13,90",79,"13,95",612,"14,00",4.312,73.896,24.324,6.289
PPC,"13,15","14,05","12,25","13,10",405,"13,15",122,"13,20",1,"13,20",65,"0,05","0,38","13,25",1,"13,30",131,"13,35",105,1.988,355,1.326
PSH,"5,13","5,48","4,78","5,15",69,"5,17",368,"5,18",170,"5,18",306,"0,05","0,97","5,19",19,"5,20",755,"5,21",70,2.975,,
PTB,"63,30","67,70","58,90","63,30",50,"63,40",20,"63,50",10,"63,70",27,"0,40","0,63","63,70",3,"63,80",12,"63,90",18,1.610,7,1.319
PTC,"4,87","5,21","4,53","4,72",1,"4,80",11,"4,86",1,"4,86",,"-0,01","-0,21","4,88",50,"4,89",100,"4,90",230,182,,
PTL,"3,15","3,37","2,93","3,13",1,"3,14",1,"3,15",1,"3,17",,"0,02","0,63","3,16",47,"3,17",46,"3,18",2,306,,
PVD,"26,15","27,95","24,35","26,45",8,"26,50",1.017,"26,55",500,"26,60",4.519,"0,45","1,72","26,60",489,"26,65",787,"26,70",200,37.061,6.540,253
PVP,"14,80","15,80","13,80","14,85",109,"14,90",483,"14,95",209,"14,95",60,"0,15","1,01","15,00",417,"15,05",162,"15,10",357,2.238,,
PVT,"27,95","29,90","26,00","27,95",36,"28,00",239,"28,05",10,"28,10",961,"0,15","0,54","28,10",345,"28,15",103,"28,20",479,9.877,72,1.374
QCG,"5,87","6,28","5,46","5,82",50,"5,84",53,"5,85",10,"5,85",110,"-0,02","-0,34","5,86",116,"5,87",67,"5,88",17,5.957,40,753
QNP,"37,00","39,55","34,45","35,65",21,"35,70",5,"35,75",10,"37,80",,"0,80","2,16","37,70",27,"37,80",21,"37,85",31,25,,
RAL,"144,80","154,90","134,70","145,30",5,"145,50",10,"145,90",1,"146,00",1,"1,20","0,83","146,00",3,"146,10",2,"146,20",26,89,1,2
RDP,"2,20","2,35","2,05","2,19",89,"2,20",1.286,"2,21",64,"2,21",360,"0,01","0,45","2,22",10,"2,25",26,"2,26",185,3.015,,
REE,"66,30","70,90","61,70","66,70",39,"66,80",31,"67,00",698,"67,00",380,"0,70","1,06","67,10",137,"67,20",214,"67,30",160,5.440,,9
S4A,"42,50","45,45","39,55",,,,,,,,,,,"45,25",3,"45,30",10,,,,,
SAB,"52,80","56,40","49,15","53,40",157,"53,50",163,"53,60",256,"53,60",634,"0,80","1,52","53,70",168,"53,80",211,"53,90",226,4.710,268,1.864
SAM,"6,58","7,04","6,12","6,56",40,"6,57",353,"6,58",31,"6,60",155,"0,02","0,30","6,60",14,"6,64",40,"6,65",82,2.718,27,28
SAV,"21,00","22,45","19,55","20,10",1,"20,20",39,"20,30",48,"20,95",58,"-0,05","-0,24","20,95",11,"21,00",122,"21,10",17,338,,8
SBA,"32,00","34,20","29,80","31,50",11,"31,60",11,"31,80",50,"32,45",1,"0,45","1,41","32,45",19,"32,50",4,"32,70",1,141,,
SBG,"14,15","15,10","13,20","13,70",71,"13,75",77,"13,80",143,"13,90",95,"-0,25","-1,77","13,90",110,"13,95",63,"14,00",66,3.513,4,
SBT,"12,65","13,50","11,80","12,60",450,"12,65",460,"12,70",167,"12,75",613,"0,10","0,79","12,75",182,"12,80",901,"12,85",2.007,22.511,4,271
SBV,"10,70","11,40","9,96","10,20",5,"10,30",23,"10,50",1,"10,80",4,"0,10","0,93","10,80",24,"10,90",2,"11,00",16,10,,
SC5,"17,55","18,75","16,35","16,65",1,"17,00",2,"17,05",1,"17,00",,"-0,55","-3,13","17,85",1,"17,90",1,"17,95",1,4,,
SCR,"5,60","5,99","5,21","5,64",302,"5,65",160,"5,66",5,"5,70",1.032,"0,10","1,79","5,70",753,"5,72",19,"5,74",41,7.198,130,675
SCS,"83,00","88,80","77,20","84,00",1,"84,50",5,"84,60",11,"85,00",36,"2,00","2,41","85,00",12,"85,10",6,"85,30",23,1.418,838,69
SFC,"21,90","23,40","20,40","20,50",5,"20,55",1,"20,60",1,,,,,"21,50",1,"21,85",5,"21,90",14,,,
SFG,"10,50","11,20","9,77","10,15",17,"10,20",10,"10,40",13,"10,85",,"0,35","3,33","10,75",9,"10,80",15,"10,85",33,9,,
SFI,"31,40","33,55","29,25","30,60",5,"30,70",1,"30,90",10,,,,,"31,60",1,"31,65",1,"31,90",2,,,
SGN,"82,70","88,40","77,00","82,20",1,"82,30",30,"82,40",2,"83,30",,"0,60","0,73","83,30",9,"83,40",31,"83,50",15,34,2,1
SGR,"26,85","28,70","25,00","27,20",20,"27,50",2,"27,80",15,"28,10",54,"1,25","4,66","28,10",22,"28,20",10,"28,25",10,624,46,6
SGT,"13,80","14,75","12,85","13,40",16,"13,45",10,"13,50",3,"13,90",21,"0,10","0,72","13,90",17,"14,00",220,"14,10",26,74,,
SHA,"4,50","4,81","4,19","4,22",5,"4,25",50,"4,30",53,,,,,"4,45",2,"4,49",84,"4,50",123,,,
SHB,"10,40","11,10","9,68","10,40",28.176,"10,45",8.955,"10,50",8.096,"10,50",4.949,"0,10","0,96","10,55",9.724,"10,60",15.575,"10,65",6.856,98.780,8.781,1.809
SHI,"14,75","15,75","13,75","14,50",27,"14,55",29,"14,60",27,"14,75",40,"0,00","0,00","14,75",2,"14,80",2,"14,90",24,3.106,,34
SHP,"34,85","37,25","32,45","34,50",1,"34,65",4,"34,90",24,"35,00",1,"0,15","0,43","35,00",4,"35,20",2,"35,30",3,126,,
SIP,"70,70","75,60","65,80","70,60",7,"70,70",52,"70,80",33,"70,80",85,"0,10","0,14","70,90",129,"71,00",126,"71,10",31,2.275,48,
SJD,"15,65","16,70","14,60","15,60",273,"15,65",242,"15,70",17,"15,75",72,"0,10","0,64","15,75",89,"15,80",36,"15,85",23,724,,381
SJF,"1,79","1,91","1,67",,,,,,,,,,,,,,,,,,,
SJS,"63,40","67,80","59,00","62,10",26,"62,20",20,"62,30",16,"63,00",21,"-0,40","-0,63","63,00",7,"63,40",5,"63,70",2,75,9,3
SKG,"12,75","13,60","11,90","12,75",210,"12,80",200,"12,85",94,"12,85",265,"0,10","0,78","12,90",223,"12,95",454,"13,00",1.213,3.218,1.980,8
SMA,"10,70","11,40","9,96",,,,,"10,15",16,"10,15",,"-0,55","-5,14","10,40",1,"10,50",20,"10,60",1,36,,
SMB,"36,80","39,35","34,25","36,70",15,"36,75",12,"36,80",10,"36,90",1,"0,10","0,27","36,90",149,"37,00",56,"37,50",15,778,10,164
SMC,"10,00","10,70","9,30","10,60",153,"10,65",189,"10,70",1.929,"10,70",180,"CE0,70","7,00",,,,,,,12.646,870,569
SPM,"11,30","12,05","10,55",,,,,"11,20",100,"11,30",,"0,00","0,00","11,30",30,"12,00",10,"12,05",15,5,,
SRC,"31,70","33,90","29,50","30,10",11,"30,95",4,"31,10",3,,,,,"32,60",1,"32,95",20,"33,00",3,,,
SRF,"9,30","9,95","8,65","8,70",4,"8,90",7,"8,91",1,"9,25",,"-0,05","-0,54","9,24",5,"9,25",49,"9,30",12,12,,
SSB,"21,60","23,10","20,10","21,55",18,"21,60",21,"21,65",95,"21,70",1.075,"0,10","0,46","21,70",79,"21,75",11,"21,80",197,22.801,261,1.669
SSC,"36,95","39,50","34,40",,,"34,80",1,"35,00",3,,,,,"36,90",5,"36,95",2,"37,00",10,,,
SSI,"30,00","32,10","27,90","31,20",438,"31,25",659,"31,30",1.308,"31,30",4.488,"1,30","4,33","31,35",30,"31,40",2.692,"31,45",1.359,149.214,17.061,3.519
ST8,"7,60","8,13","7,07","7,66",1,"7,67",40,"7,70",45,"7,70",256,"0,10","1,32","7,71",20,"7,73",50,"7,75",40,1.772,,
STB,"28,25","30,20","26,30","28,70",81,"28,75",620,"28,80",201,"28,85",3.882,"0,60","2,12","28,85",104,"28,90",2.721,"28,95",2.372,99.253,8.608,20.925
STG,"43,95","47,00","40,90",,,"41,00",10,"41,15",5,,,,,"43,90",2,"43,95",1,"44,50",2,,,
STK,"24,55","26,25","22,85","24,65",10,"24,70",30,"24,75",7,"24,75",13,"0,20","0,81","24,85",20,"24,90",271,"24,95",37,1.441,330,725
SVC,"27,40","29,30","25,50","25,60",1,"25,70",1,"25,75",1,,,,,"27,35",1,"27,45",1,"27,50",30,,,
SVD,"2,88","3,08","2,68","2,76",30,"2,79",60,"2,80",51,"2,85",1,"-0,03","-1,04","2,85",53,"2,87",11,"2,89",50,305,,
SVI,"68,00","72,70","63,30",,,,,,,,,,,"68,00",3,"69,00",8,"71,00",1,,,
SVT,"12,95","13,85","12,05","12,70",51,"12,75",5,"12,80",2,"12,80",1,"-0,15","-1,16","12,90",37,"12,95",19,"13,00",214,152,,
SZC,"35,20","37,65","32,75","35,50",212,"35,55",38,"35,60",202,"35,65",545,"0,45","1,28","35,65",228,"35,70",344,"35,75",105,9.416,262,139
SZL,"42,70","45,65","39,75","42,30",3,"42,40",10,"42,45",2,"42,30",,"-0,40","-0,94","43,00",50,"43,15",10,"43,70",2,8,,
TBC,"40,10","42,90","37,30","40,00",6,"40,05",1,"40,10",1,,,,,"42,55",18,"42,75",15,"42,85",1,,,
TCB,"20,85","22,30","19,40","21,00",5.024,"21,05",4.001,"21,10",1.559,"21,10",9.121,"0,25","1,20","21,15",195,"21,20",1.066,"21,25",2.364,149.669,19.449,66.625
TCD,"5,10","5,45","4,75","5,09",122,"5,10",254,"5,11",134,"5,11",296,"0,01","0,20","5,12",10,"5,13",6,"5,14",19,3.498,75,82
TCH,"16,60","17,75","15,45","16,45",80,"16,50",235,"16,60",1.015,"16,60",12.225,"0,00","0,00","16,65",1.021,"16,70",2.007,"16,75",774,336.525,12.450,2.637
TCI,"9,00","9,63","8,37","8,95",70,"8,96",10,"8,99",104,"9,00",433,"0,00","0,00","9,00",1.316,"9,01",1,"9,10",5,3.440,145,2.479
TCL,"34,80","37,20","32,40","34,70",102,"34,80",192,"34,85",38,"34,85",,"0,05","0,14","34,95",11,"35,00",32,"35,10",2,178,2,
TCM,"46,90","50,10","43,65","46,75",42,"46,80",54,"46,85",88,"46,90",903,"0,00","0,00","46,90",26,"46,95",114,"47,00",206,13.425,51,318
TCO,"13,50","14,40","12,60","13,20",1,"13,25",1,"13,30",8,"13,60",10,"0,10","0,74","13,60",74,"13,65",6,"13,70",29,2.983,7,
TCR,"3,79","4,05","3,53",,,,,,,"3,72",,"-0,07","-1,85","3,70",91,"3,72",4,"3,74",7,4,,
TCT,"18,60","19,90","17,30","18,35",2,"18,40",1,"18,50",3,"18,70",,"0,10","0,54","18,75",2,"18,80",6,"18,85",4,16,,
TDC,"10,60","11,30","9,86","10,65",29,"10,70",100,"10,80",100,"10,85",560,"0,25","2,36","10,85",179,"10,90",33,"10,95",551,5.072,32,878
TDG,"5,26","5,62","4,90","5,10",77,"5,12",13,"5,13",54,"5,13",82,"-0,13","-2,47","5,23",51,"5,25",34,"5,26",105,313,,
TDH,"2,91","3,11","2,71","2,82",42,"2,83",10,"2,84",1,"2,96",236,"0,05","1,72","2,96",7,"2,97",15,"2,98",59,1.306,119,33
TDM,"50,00","53,50","46,50","49,00",4,"49,20",4,"49,25",6,"50,00",2,"0,00","0,00","50,00",8,"50,90",14,"51,00",310,174,,
TDP,"35,00","37,45","32,55","34,30",10,"34,50",5,"35,20",11,"35,90",1,"0,90","2,57","35,90",2,"36,00",4,"36,30",5,853,32,
TDW,"55,60","59,40","51,80",,,,,,,,,,,,,,,,,,,
TEG,"9,12","9,75","8,49","8,87",12,"8,90",30,"8,91",2,"9,12",20,"0,00","0,00","9,12",84,"9,15",37,"9,20",1,73,3,
THG,"41,80","44,70","38,90","41,20",60,"41,25",3,"41,30",6,"41,30",,"-0,50","-1,20","41,50",8,"41,60",2,"41,65",18,199,1,
TIP,"22,70","24,25","21,15","22,90",127,"22,95",72,"23,00",23,"23,15",48,"0,45","1,98","23,15",145,"23,20",191,"23,25",23,1.049,20,102
TIX,"34,00","36,35","31,65",,,,,"34,30",3,,,,,"35,00",9,"35,50",2,,,,,
TLD,"5,13","5,48","4,78","5,10",22,"5,11",15,"5,12",12,"5,13",1,"0,00","0,00","5,13",63,"5,14",8,"5,15",35,137,,3
TLG,"51,50","55,10","47,90","51,20",35,"51,30",12,"51,40",11,"51,50",28,"0,00","0,00","51,50",42,"51,60",25,"51,70",15,460,3,25
TLH,"5,89","6,30","5,48","5,93",1,"5,97",125,"5,98",5,"5,98",1.505,"0,09","1,53","5,99",529,"6,00",1.238,"6,01",23,8.321,180,
TMP,"69,90","74,70","65,10","67,00",1,"67,50",1,"67,70",2,"71,90",,"2,00","2,86","71,00",2,"71,80",11,"71,90",20,1,,
TMS,"49,10","52,50","45,70","48,05",4,"49,00",7,"49,10",1,"49,65",,"0,55","1,12","50,00",10,"51,00",28,"51,80",10,24,,
TMT,"7,29","7,80","6,78","7,60",2,"7,70",2,"7,80",1,"7,80",,"CE0,51","7,00",,,,,,,245,,
TN1,"13,00","13,90","12,10","12,80",1,"12,90",7,"12,95",7,"13,05",5,"0,05","0,38","13,10",15,"13,20",6,"13,30",6,57,,
TNA,"4,44","4,75","4,13","4,19",10,"4,20",5,"4,40",1,"4,44",172,"0,00","0,00","4,44",120,"4,45",10,"4,50",11,493,,5
TNC,"36,20","38,70","33,70","34,10",20,"36,20",50,"36,25",22,"36,30",2,"0,10","0,28","38,10",1,"38,20",3,"38,40",4,3,,
TNH,"23,10","24,70","21,50","23,00",34,"23,05",22,"23,10",291,"23,10",183,"0,00","0,00","23,15",33,"23,20",64,"23,25",40,3.193,26,323
TNI,"2,39","2,55","2,23","2,38",20,"2,39",95,"2,40",465,"2,40",166,"0,01","0,42","2,42",101,"2,43",100,"2,44",33,794,,
TNT,"4,12","4,40","3,84","4,05",31,"4,07",9,"4,11",1,"4,12",23,"0,00","0,00","4,12",196,"4,13",4,"4,14",12,373,39,38
TPB,"16,90","18,05","15,75","17,00",4.337,"17,05",2.135,"17,10",2.981,"17,10",2.790,"0,20","1,18","17,15",3,"17,20",683,"17,25",903,132.290,4.515,1.836
TPC,"6,60","7,06","6,14",,,"6,20",55,"6,21",1,"6,79",,"0,19","2,88","6,75",2,"6,77",6,"6,78",5,11,,
TRA,"77,60","83,00","72,20","75,90",1,"76,00",1,"76,70",1,"76,70",,"-0,90","-1,16","77,00",1,"77,10",1,"77,20",1,20,1,2
TRC,"37,00","39,55","34,45","35,25",10,"36,20",1,"36,30",6,"37,10",,"0,10","0,27","37,90",2,"38,00",10,"38,40",21,51,,
TSC,"2,64","2,82","2,46","2,63",147,"2,64",103,"2,65",205,"2,69",140,"0,05","1,89","2,69",129,"2,70",365,"2,71",5,774,,
TTA,"10,45","11,15","9,72","10,35",101,"10,40",413,"10,45",400,"10,50",337,"0,05","0,48","10,50",287,"10,55",150,"10,60",317,4.662,210,1.682
TTE,"13,70","14,65","12,75",,,,,,,"13,70",,"0,00","0,00","13,70",10,,,,,1,,
TTF,"3,37","3,60","3,14","3,38",328,"3,39",20,"3,40",91,"3,42",347,"0,05","1,48","3,42",543,"3,43",36,"3,44",347,5.754,,228
TV2,"29,20","31,20","27,20","30,05",40,"30,10",55,"30,15",100,"30,20",292,"1,00","3,42","30,20",70,"30,25",11,"30,30",13,2.777,814,
TVB,"8,60","9,20","8,00","8,64",32,"8,65",22,"8,66",77,"8,66",30,"0,06","0,70","8,71",9,"8,72",10,"8,73",26,2.597,70,38
TVS,"19,00","20,30","17,70","19,55",52,"19,60",76,"19,65",36,"19,70",23,"0,70","3,68","19,70",2,"19,80",42,"19,85",3,1.601,55,65
TVT,"16,20","17,30","15,10","15,35",5,"15,50",7,"16,00",3,"16,20",1,"0,00","0,00","16,20",4,"16,35",21,"16,50",15,6,,
TYA,"13,20","14,10","12,30","12,55",2,"12,75",20,"12,90",2,"13,15",1,"-0,05","-0,38","13,15",1,"13,20",43,"13,60",10,41,,
UIC,"38,85","41,55","36,15","37,10",35,"37,20",1,"37,30",1,"38,85",,"0,00","0,00","38,75",1,"38,80",9,"38,85",8,9,,
VAF,"13,75","14,70","12,80",,,"13,00",10,"13,15",3,"13,15",,"-0,60","-4,36","14,00",1,"14,45",1,"14,50",1,2,,
VCA,"9,13","9,76","8,50","8,50",39,"8,51",1,"8,55",1,"9,11",,"-0,02","-0,22","9,11",1,"9,12",11,"9,13",1,36,,
VCB,"87,30","93,40","81,20","87,50",793,"87,60",146,"87,70",153,"87,70",3.045,"0,40","0,46","88,10",1,"88,20",56,"88,30",113,11.367,2.619,6.871
VCF,"215,00","230,00","200,00","201,00",2,"202,00",2,"202,80",1,"218,90",,"3,90","1,81","217,80",5,"217,90",5,"219,00",2,1,1,
VCG,"17,75","18,95","16,55","17,95",5.184,"18,00",3.285,"18,05",184,"18,10",2.714,"0,35","1,97","18,10",1.894,"18,15",1.125,"18,20",612,27.036,557,424
VCI,"43,35","46,35","40,35","45,10",92,"45,15",5,"45,25",10,"45,30",2.509,"1,95","4,50","45,30",276,"45,35",200,"45,40",571,57.782,13.725,308
VDP,"35,50","37,95","33,05","34,00",10,"34,50",10,"35,50",23,"35,50",,"0,00","0,00","36,50",7,"37,00",9,"37,95",4,12,,
VDS,"19,60","20,95","18,25","20,05",162,"20,10",1.145,"20,15",14,"20,20",881,"0,60","3,06","20,20",112,"20,25",267,"20,30",448,21.667,200,2.247
VFG,"68,00","72,70","63,30","66,70",6,"66,80",12,"66,90",3,"67,00",6,"-1,00","-1,47","67,20",9,"67,30",23,"67,50",1,268,,27
VGC,"39,30","42,05","36,55","40,70",102,"40,80",116,"40,90",21,"40,90",286,"1,60","4,07","40,95",117,"41,00",167,"41,05",20,10.846,2.200,257
VHC,"68,40","73,10","63,70","68,70",29,"68,80",43,"68,90",40,"68,90",205,"0,50","0,73","69,00",8,"69,20",13,"69,30",20,3.031,793,573
VHM,"37,60","40,20","35,00","37,05",936,"37,10",2.358,"37,15",1.389,"37,20",15.833,"-0,40","-1,06","37,20",1.040,"37,25",50,"37,30",328,86.916,18.884,25.057
VIB,"20,65","22,05","19,25","20,75",948,"20,80",1.308,"20,85",2.395,"20,90",1.335,"0,25","1,21","20,90",2.165,"20,95",1.727,"21,00",4.440,21.284,,
VIC,"41,80","44,70","38,90","41,10",375,"41,15",292,"41,20",415,"41,20",5.367,"-0,60","-1,44","41,25",30,"41,30",57,"41,35",140,22.669,215,5.181
VID,"5,76","6,16","5,36","5,37",16,"5,38",47,"5,39",10,"5,50",2,"-0,26","-4,51","5,50",22,"5,60",1,"5,76",3,23,,
VIP,"13,15","14,05","12,25","13,05",133,"13,10",132,"13,15",45,"13,20",90,"0,05","0,38","13,20",40,"13,25",67,"13,30",117,2.138,138,252
VIX,"11,10","11,85","10,35","11,25",8.040,"11,30",3.953,"11,35",3.824,"11,35",7.482,"0,25","2,25","11,40",14.391,"11,45",11.402,"11,50",16.215,216.164,1.471,3.216
VJC,"99,30","106,20","92,40","100,60",69,"100,70",41,"100,80",21,"100,90",254,"1,60","1,61","100,90",23,"101,00",150,"101,10",1,4.909,46,40.602
VMD,"17,30","18,50","16,10","16,80",5,"16,85",5,"17,00",3,"17,30",5,"0,00","0,00","17,30",1,"18,20",9,"18,25",1,37,,
VND,"14,70","15,70","13,70","15,00",3.356,"15,05",1.888,"15,10",76,"15,15",6.888,"0,45","3,06","15,15",1.764,"15,20",3.205,"15,25",2.840,101.545,3.245,3.024
VNE,"4,00","4,28","3,72","3,93",30,"3,95",21,"3,97",58,"4,00",5,"0,00","0,00","4,00",42,"4,05",97,"4,07",100,765,,
VNG,"8,16","8,73","7,59","8,18",4,"8,20",9,"8,21",10,"8,20",,"0,04","0,49","8,49",3,"8,50",3,"8,59",9,7,,1
VNL,"16,15","17,25","15,05","15,80",8,"15,90",1,"16,00",2,"16,15",1,"0,00","0,00","16,15",5,"16,20",29,"16,25",45,23,,
VNM,"72,70","77,70","67,70","73,00",545,"73,10",378,"73,20",10,"73,30",1.484,"0,60","0,83","73,30",552,"73,40",902,"73,50",893,45.275,8.783,2.089
VNS,"10,40","11,10","9,68","10,20",76,"10,25",8,"10,35",10,"10,40",,"0,00","0,00","10,45",15,"10,50",54,"10,55",7,158,,
VOS,"15,25","16,30","14,20","15,40",423,"15,45",415,"15,50",269,"15,50",936,"0,25","1,64","15,55",356,"15,60",488,"15,65",326,17.372,274,1.733
VPB,"17,85","19,05","16,65","17,90",1.362,"17,95",3.328,"18,00",5.985,"18,00",7.300,"0,15","0,84","18,05",1.059,"18,10",696,"18,15",1.750,107.044,16.869,29.333
VPD,"26,90","28,75","25,05","26,30",3,"26,50",30,"26,80",2,"26,90",1,"0,00","0,00","26,90",2,"27,00",14,"27,05",6,10,,
VPG,"12,50","13,35","11,65","12,45",183,"12,50",490,"12,55",197,"12,65",584,"0,15","1,20","12,65",62,"12,70",414,"12,75",34,4.278,,
VPH,"8,90","9,52","8,28","8,83",8,"8,84",27,"8,85",5,"8,96",25,"0,06","0,67","8,96",345,"8,99",50,"9,00",20,681,,129
VPI,"55,60","59,40","51,80","56,10",84,"56,20",125,"56,30",169,"56,50",796,"0,90","1,62","56,50",292,"56,60",122,"56,70",152,12.819,,342
VPS,"10,00","10,70","9,30","9,32",2,"9,50",5,"9,60",1,,,,,"10,05",3,"10,10",22,"10,20",10,,,
VRC,"8,81","9,42","8,20","8,85",10,"9,00",3,"9,10",1,"9,36",71,"0,55","6,24","9,36",12,"9,40",33,"9,41",13,423,1,10
VRE,"17,65","18,85","16,45","17,40",2.294,"17,45",1.490,"17,50",1.930,"17,50",3.062,"-0,15","-0,85","17,55",40,"17,60",81,"17,65",920,47.121,1.948,10.446
VSC,"18,20","19,45","16,95","18,55",1.091,"18,60",14,"18,65",130,"18,70",1.651,"0,50","2,75","18,70",1.272,"18,75",737,"18,80",855,32.431,75,1.237
VSH,"51,40","54,90","47,85","49,60",28,"50,00",14,"50,10",1,"51,50",,"0,10","0,19","51,50",4,"52,00",32,"52,10",1,40,,1
VSI,"18,00","19,25","16,75",,,"16,75",30,"18,00",2,,,,,"19,25",12,,,,,,,
VTB,"10,40","11,10","9,68","9,97",6,"10,05",1,"10,10",2,"10,25",5,"-0,15","-1,44","10,40",50,"10,45",5,"10,70",2,45,,
VTO,"13,10","14,00","12,20","13,15",143,"13,20",281,"13,25",122,"13,25",564,"0,15","1,15","13,30",32,"13,35",100,"13,40",76,3.665,51,605
VTP,"70,50","75,40","65,60","73,60",193,"73,80",21,"73,90",198,"73,90",581,"3,40","4,82","74,00",422,"74,10",4,"74,20",17,6.961,431,56
YBM,"11,00","11,75","10,25","10,80",100,"10,85",17,"11,00",90,"11,00",,"0,00","0,00","11,25",2,"11,50",3,"11,70",5,10,,
YEG,"9,16","9,80","8,52","9,14",531,"9,15",236,"9,16",25,"9,18",310,"0,02","0,22","9,18",9,"9,19",60,"9,20",178,4.192,,453
